id,client_id,produit_id,quantité,total_eur,status,date_commande,revenue_eur,revenue_usd
1,179,47,5,2211941.59,pending,2025-12-23,2211941.59,2388896.92
2,3,18,1,226800.98,completed,2025-10-08,226800.98,244945.06
3,20,39,2,2143342.73,refunded,2025-09-22,2143342.73,2314810.15
4,16,38,3,380631.45,completed,2025-07-05,380631.45,411081.97
5,95,37,5,2249981.41,completed,2025-08-06,2249981.41,2429979.92
6,73,4,4,701564.51,completed,2025-11-20,701564.51,757689.68
7,10,34,2,652330.44,completed,2025-11-01,652330.44,704516.88
8,176,9,4,1321120.59,completed,2025-12-03,1321120.59,1426810.24
9,196,1,4,1083695.72,cancelled,2025-11-01,1083695.72,1170391.38
10,84,19,5,2537605.09,completed,2025-12-21,2537605.09,2740613.5
11,122,11,4,1676626.25,completed,2025-08-06,1676626.25,1810756.35
12,101,44,3,2596210.48,completed,2025-10-27,2596210.48,2803907.31
13,152,29,5,562135.42,pending,2025-10-09,562135.42,607106.26
14,68,39,5,1882091.27,completed,2025-07-13,1882091.27,2032658.57
15,55,13,3,242403.9,completed,2025-08-23,242403.9,261796.22
16,129,12,4,1297807.41,completed,2025-10-06,1297807.41,1401632.0
17,38,11,4,2621186.82,completed,2025-09-21,2621186.82,2830881.76
18,74,2,3,1654188.68,pending,2025-12-03,1654188.68,1786523.78
19,20,4,2,705328.73,completed,2025-12-21,705328.73,761755.03
20,2,46,5,2682676.99,pending,2025-12-03,2682676.99,2897291.15
21,100,42,3,1018203.11,completed,2025-07-25,1018203.11,1099659.36
22,64,34,5,530069.88,completed,2025-10-30,530069.88,572475.47
23,166,17,2,2842743.12,completed,2025-09-16,2842743.12,3070162.56
24,129,7,3,1937356.46,completed,2025-10-26,1937356.46,2092344.97
25,188,44,2,562226.92,completed,2025-11-02,562226.92,607205.07
26,195,29,5,7450.05,completed,2025-09-15,7450.05,8046.06
27,163,7,4,2143174.47,completed,2025-12-14,2143174.47,2314628.43
28,27,26,4,1450640.09,completed,2025-10-26,1450640.09,1566691.3
29,145,18,1,2283183.54,completed,2025-07-15,2283183.54,2465838.22
30,161,31,1,2065623.0,pending,2025-12-11,2065623.0,2230872.84
31,99,12,1,2035458.78,completed,2025-08-17,2035458.78,2198295.48
32,120,24,5,2489807.38,completed,2025-11-29,2489807.38,2688991.97
33,139,49,3,1445406.54,pending,2025-11-27,1445406.54,1561039.06
34,180,36,3,2871575.01,pending,2025-08-15,2871575.01,3101301.01
35,39,8,4,563297.16,cancelled,2025-10-07,563297.16,608360.93
36,38,22,1,1239615.38,completed,2025-07-19,1239615.38,1338784.61
37,15,16,2,1199724.07,completed,2025-09-30,1199724.07,1295702.0
38,142,36,2,2381771.75,cancelled,2025-09-19,2381771.75,2572313.49
39,65,8,2,125985.39,pending,2025-11-05,125985.39,136064.23
40,162,16,1,1661701.96,completed,2025-07-14,1661701.96,1794638.11
41,181,2,1,2131498.51,pending,2025-07-29,2131498.51,2302018.39
42,128,11,1,1368767.39,completed,2025-09-01,1368767.39,1478268.78
43,188,30,4,2453413.1,completed,2025-08-25,2453413.1,2649686.14
44,43,22,1,2255294.64,completed,2025-08-07,2255294.64,2435718.22
45,45,40,3,2633919.93,completed,2025-10-12,2633919.93,2844633.52
46,157,44,1,395628.3,pending,2025-09-10,395628.3,427278.57
47,185,34,3,2669089.04,cancelled,2025-09-11,2669089.04,2882616.17
48,147,34,4,2359875.01,completed,2025-08-31,2359875.01,2548665.01
49,169,23,3,2156081.33,refunded,2025-08-20,2156081.33,2328567.83
50,107,38,3,2408671.27,refunded,2025-09-27,2408671.27,2601364.97
51,75,12,5,2883589.07,completed,2025-10-04,2883589.07,3114276.2
52,66,48,5,1464387.8,completed,2025-09-24,1464387.8,1581538.82
53,64,1,5,1939293.63,completed,2025-08-29,1939293.63,2094437.12
54,45,20,1,2575265.58,pending,2025-07-30,2575265.58,2781286.83
55,157,37,5,995364.84,completed,2025-09-20,995364.84,1074994.02
56,157,19,3,1917283.19,completed,2025-10-02,1917283.19,2070665.84
57,166,15,4,2367878.81,completed,2025-08-14,2367878.81,2557309.11
58,95,40,3,2355483.33,refunded,2025-07-22,2355483.33,2543922.0
59,15,19,3,1287829.02,completed,2025-07-23,1287829.02,1390855.35
60,164,33,5,1571074.95,completed,2025-08-08,1571074.95,1696760.95
61,140,32,5,1207133.17,completed,2025-12-30,1207133.17,1303703.83
62,154,12,3,2579303.02,completed,2025-07-22,2579303.02,2785647.26
63,34,40,5,1956816.95,completed,2025-07-05,1956816.95,2113362.3
64,78,39,3,2143595.2,completed,2025-12-17,2143595.2,2315082.81
65,152,4,1,1449475.35,completed,2025-09-25,1449475.35,1565433.38
66,156,24,1,2877852.08,completed,2025-11-04,2877852.08,3108080.25
67,88,19,3,2270673.9,cancelled,2025-11-15,2270673.9,2452327.81
68,93,9,5,230741.93,completed,2025-12-11,230741.93,249201.29
69,101,47,2,2422704.63,completed,2025-08-04,2422704.63,2616521.0
70,115,23,3,1814947.08,completed,2025-10-19,1814947.08,1960142.85
71,161,29,2,2552613.15,completed,2025-11-30,2552613.15,2756822.21
72,108,42,1,90111.75,cancelled,2025-09-28,90111.75,97320.69
73,73,45,3,1239101.01,completed,2025-08-05,1239101.01,1338229.09
74,10,38,4,306929.04,completed,2025-12-10,306929.04,331483.36
75,24,50,2,1889963.47,completed,2025-07-16,1889963.47,2041160.55
76,9,49,2,630132.57,cancelled,2025-11-15,630132.57,680543.17
77,43,41,5,2019212.3,pending,2025-09-17,2019212.3,2180749.28
78,69,30,2,1966955.64,completed,2025-11-21,1966955.64,2124312.09
79,65,4,1,2491716.91,cancelled,2025-10-08,2491716.91,2691054.26
80,29,8,2,559459.85,cancelled,2025-12-15,559459.85,604216.63
81,164,29,2,2250723.05,completed,2025-07-10,2250723.05,2430780.9
82,45,34,3,1964402.85,completed,2025-08-29,1964402.85,2121555.08
83,24,29,2,1404601.16,completed,2025-07-26,1404601.16,1516969.25
84,16,40,4,2207838.23,completed,2025-11-07,2207838.23,2384465.29
85,195,40,5,1749470.23,completed,2025-11-13,1749470.23,1889427.85
86,160,1,4,1653017.37,completed,2025-07-11,1653017.37,1785258.76
87,2,33,2,2988806.78,completed,2025-08-14,2988806.78,3227911.32
88,151,31,4,244370.83,completed,2025-10-03,244370.83,263920.5
89,18,41,4,2713725.79,completed,2025-07-08,2713725.79,2930823.85
90,194,33,4,2272559.24,completed,2025-07-11,2272559.24,2454363.98
91,190,33,1,2489384.79,completed,2025-07-26,2489384.79,2688535.57
92,156,2,3,392906.45,completed,2025-11-08,392906.45,424338.96
93,11,49,5,2166063.17,completed,2025-09-30,2166063.17,2339348.22
94,33,18,5,2095728.92,pending,2025-11-14,2095728.92,2263387.23
95,167,29,3,2379793.42,completed,2025-11-28,2379793.42,2570176.89
96,105,31,1,2999720.32,completed,2025-12-25,2999720.32,3239697.94
97,171,40,2,1860058.37,completed,2025-09-03,1860058.37,2008863.04
98,85,50,4,2268041.16,completed,2025-09-04,2268041.16,2449484.46
99,7,19,1,2418577.01,completed,2025-07-06,2418577.01,2612063.18
100,164,27,2,414784.9,completed,2025-07-31,414784.9,447967.69
101,44,17,2,374343.61,completed,2025-09-28,374343.61,404291.1
102,123,20,2,2725909.01,cancelled,2025-08-07,2725909.01,2943981.73
103,191,44,2,857767.92,pending,2025-10-15,857767.92,926389.35
104,164,22,3,2149334.83,pending,2025-10-04,2149334.83,2321281.61
105,69,29,1,136134.73,completed,2025-08-11,136134.73,147025.51
106,93,14,4,2642078.12,pending,2025-12-15,2642078.12,2853444.37
107,127,32,5,2307906.75,completed,2025-10-22,2307906.75,2492539.29
108,177,42,5,699990.66,completed,2025-08-22,699990.66,755989.92
109,24,26,5,1878163.75,completed,2025-07-04,1878163.75,2028416.85
110,37,45,4,1501713.37,completed,2025-08-06,1501713.37,1621850.44
111,200,16,2,1785863.56,cancelled,2025-07-04,1785863.56,1928732.65
112,8,18,5,2150932.58,completed,2025-11-11,2150932.58,2323007.19
113,71,24,3,1622778.94,completed,2025-08-18,1622778.94,1752601.26
114,83,35,1,342362.4,completed,2025-08-26,342362.4,369751.4
115,135,32,4,966444.29,completed,2025-11-17,966444.29,1043759.83
116,72,13,3,2436567.69,completed,2025-12-13,2436567.69,2631493.11
117,121,21,4,1005764.19,completed,2025-07-27,1005764.19,1086225.32
118,154,17,5,859659.8,completed,2025-10-22,859659.8,928432.59
119,69,22,4,269140.39,completed,2025-08-09,269140.39,290671.62
120,79,33,4,2636520.77,completed,2025-09-20,2636520.77,2847442.43
121,60,40,3,1172384.89,completed,2025-12-02,1172384.89,1266175.68
122,138,5,1,1205206.67,completed,2025-09-27,1205206.67,1301623.21
123,49,24,3,746318.79,pending,2025-11-22,746318.79,806024.29
124,20,5,3,411304.34,completed,2025-09-18,411304.34,444208.69
125,169,18,4,954844.76,completed,2025-11-03,954844.76,1031232.34
126,189,39,5,1371696.31,completed,2025-12-25,1371696.31,1481432.01
127,13,28,4,1946298.81,refunded,2025-07-25,1946298.81,2102002.72
128,92,22,2,1846510.84,refunded,2025-10-16,1846510.84,1994231.71
129,191,9,4,621626.03,completed,2025-11-06,621626.03,671356.11
130,5,43,1,2134653.33,cancelled,2025-07-02,2134653.33,2305425.6
131,166,21,3,1916852.24,completed,2025-12-18,1916852.24,2070200.42
132,5,31,2,579685.63,completed,2025-11-05,579685.63,626060.48
133,139,39,1,1760197.92,completed,2025-09-09,1760197.92,1901013.76
134,66,45,3,2353848.61,refunded,2025-09-30,2353848.61,2542156.5
135,182,36,4,2970908.82,completed,2025-09-15,2970908.82,3208581.52
136,138,12,3,1436519.51,completed,2025-09-24,1436519.51,1551441.07
137,119,6,2,156806.57,completed,2025-09-30,156806.57,169351.09
138,136,48,2,1714172.78,cancelled,2025-11-12,1714172.78,1851306.6
139,154,30,1,1355133.09,completed,2025-12-08,1355133.09,1463543.74
140,1,7,5,1961901.1,completed,2025-12-30,1961901.1,2118853.19
141,144,11,3,1157009.96,completed,2025-09-06,1157009.96,1249570.75
142,141,11,3,2867929.23,completed,2025-08-08,2867929.23,3097363.57
143,172,6,3,2846929.82,completed,2025-09-19,2846929.82,3074684.2
144,19,29,2,669141.57,completed,2025-09-05,669141.57,722672.9
145,132,23,3,1449858.66,completed,2025-09-21,1449858.66,1565847.35
146,61,45,3,23879.55,pending,2025-09-16,23879.55,25789.92
147,139,38,3,1038074.78,completed,2025-12-19,1038074.78,1121120.76
148,106,11,4,1634673.67,completed,2025-09-11,1634673.67,1765447.56
149,1,43,3,1506640.05,completed,2025-09-20,1506640.05,1627171.26
150,101,30,3,2935505.02,completed,2025-12-12,2935505.02,3170345.42
151,46,12,1,1791211.76,pending,2025-12-19,1791211.76,1934508.7
152,62,38,5,1129249.08,completed,2025-08-25,1129249.08,1219589.01
153,156,23,5,1086804.52,completed,2025-11-03,1086804.52,1173748.89
154,154,35,5,2391439.78,pending,2025-11-11,2391439.78,2582754.96
155,75,46,5,1627415.46,refunded,2025-10-06,1627415.46,1757608.7
156,100,41,1,897660.65,completed,2025-07-02,897660.65,969473.5
157,144,28,1,539493.66,completed,2025-07-19,539493.66,582653.15
158,178,31,2,1470796.7,completed,2025-07-16,1470796.7,1588460.44
159,173,9,2,1829936.09,completed,2025-07-24,1829936.09,1976330.97
160,124,29,3,2879092.91,completed,2025-12-26,2879092.91,3109420.34
161,124,7,4,2819447.64,completed,2025-07-12,2819447.64,3045003.46
162,101,13,2,2668989.98,completed,2025-08-07,2668989.98,2882509.17
163,7,3,4,1829425.41,completed,2025-10-05,1829425.41,1975779.45
164,86,46,1,2723117.55,completed,2025-07-01,2723117.55,2940966.96
165,125,9,3,1768583.34,completed,2025-07-30,1768583.34,1910070.01
166,15,19,1,2857820.14,refunded,2025-07-17,2857820.14,3086445.75
167,181,24,4,1099419.55,completed,2025-11-23,1099419.55,1187373.12
168,68,23,4,2281144.07,completed,2025-08-10,2281144.07,2463635.6
169,45,23,2,2807752.81,completed,2025-12-09,2807752.81,3032373.03
170,6,34,5,1847270.69,completed,2025-07-26,1847270.69,1995052.34
171,165,15,1,430967.56,pending,2025-11-27,430967.56,465444.96
172,128,22,3,1627096.28,refunded,2025-09-29,1627096.28,1757263.99
173,199,45,3,1408059.67,completed,2025-09-22,1408059.67,1520704.44
174,179,31,3,621759.09,completed,2025-07-17,621759.09,671499.82
175,159,23,5,553170.21,completed,2025-11-07,553170.21,597423.83
176,157,5,4,1785859.89,completed,2025-12-21,1785859.89,1928728.68
177,67,37,2,2004016.04,completed,2025-10-25,2004016.04,2164337.33
178,188,1,4,1293174.24,refunded,2025-10-25,1293174.24,1396628.18
179,149,50,4,1369209.28,pending,2025-12-25,1369209.28,1478746.02
180,10,32,2,1865363.23,completed,2025-09-30,1865363.23,2014592.29
181,29,24,3,2250191.69,completed,2025-12-21,2250191.69,2430207.02
182,165,34,5,261198.97,completed,2025-07-18,261198.97,282094.89
183,112,50,1,1044416.96,completed,2025-11-27,1044416.96,1127970.32
184,4,38,5,609403.43,cancelled,2025-09-20,609403.43,658155.71
185,41,17,4,847010.47,completed,2025-10-14,847010.47,914771.3
186,47,9,2,1643047.65,completed,2025-10-09,1643047.65,1774491.46
187,148,11,3,1323828.84,completed,2025-07-21,1323828.84,1429735.15
188,182,19,5,2413861.29,completed,2025-11-20,2413861.29,2606970.19
189,141,43,1,1598002.13,pending,2025-08-23,1598002.13,1725842.3
190,88,33,3,1702654.67,cancelled,2025-08-30,1702654.67,1838867.05
191,99,15,5,2529113.36,completed,2025-10-22,2529113.36,2731442.43
192,65,37,4,1596266.35,completed,2025-08-01,1596266.35,1723967.66
193,84,44,4,616780.11,pending,2025-10-13,616780.11,666122.52
194,55,22,1,605518.22,cancelled,2025-10-25,605518.22,653959.67
195,187,22,3,1521774.96,completed,2025-09-24,1521774.96,1643516.96
196,72,24,4,803810.48,completed,2025-08-19,803810.48,868115.32
197,21,31,4,526000.04,pending,2025-09-12,526000.04,568080.05
198,82,15,2,2678268.25,cancelled,2025-09-01,2678268.25,2892529.71
199,62,16,2,2224437.16,completed,2025-07-26,2224437.16,2402392.13
200,99,26,3,2851642.48,pending,2025-12-11,2851642.48,3079773.88
201,93,10,4,1333360.94,completed,2025-10-01,1333360.94,1440029.81
202,173,49,2,2030195.75,completed,2025-09-08,2030195.75,2192611.41
203,18,7,2,645093.51,completed,2025-08-19,645093.51,696700.99
204,190,18,4,525644.87,pending,2025-08-09,525644.87,567696.46
205,190,41,2,1551985.36,completed,2025-12-13,1551985.36,1676144.19
206,136,20,4,1623333.3,cancelled,2025-11-03,1623333.3,1753199.96
207,166,13,3,339411.97,completed,2025-10-17,339411.97,366564.92
208,83,10,3,163138.2,completed,2025-12-06,163138.2,176189.25
209,113,23,3,729449.36,completed,2025-12-21,729449.36,787805.31
210,188,9,4,1544964.45,completed,2025-09-24,1544964.45,1668561.61
211,71,2,2,1191348.51,completed,2025-09-13,1191348.51,1286656.39
212,145,1,3,1182950.09,completed,2025-07-22,1182950.09,1277586.1
213,28,30,4,1209570.02,pending,2025-12-09,1209570.02,1306335.62
214,138,19,1,2102915.91,completed,2025-08-25,2102915.91,2271149.18
215,3,14,4,2821223.6,completed,2025-12-02,2821223.6,3046921.49
216,94,12,2,296892.09,completed,2025-10-18,296892.09,320643.46
217,15,12,2,385028.83,cancelled,2025-08-23,385028.83,415831.14
218,89,17,1,1686979.95,completed,2025-08-12,1686979.95,1821938.35
219,126,27,5,668758.85,completed,2025-09-06,668758.85,722259.56
220,148,21,2,1667088.59,pending,2025-12-20,1667088.59,1800455.67
221,111,7,2,2280822.36,completed,2025-11-02,2280822.36,2463288.15
222,146,49,3,2017962.51,completed,2025-12-14,2017962.51,2179399.51
223,22,26,1,384016.44,pending,2025-08-10,384016.44,414737.76
224,106,43,4,1655101.53,completed,2025-11-03,1655101.53,1787509.65
225,34,34,2,2974292.44,refunded,2025-11-22,2974292.44,3212235.83
226,78,38,2,2754187.93,completed,2025-10-30,2754187.93,2974522.96
227,111,5,2,579228.7,completed,2025-12-12,579228.7,625566.99
228,11,32,1,397599.65,completed,2025-10-02,397599.65,429407.63
229,172,21,1,2800495.09,completed,2025-12-30,2800495.09,3024534.7
230,141,29,3,579695.95,pending,2025-09-23,579695.95,626071.63
231,158,47,2,909537.76,completed,2025-07-07,909537.76,982300.78
232,158,50,4,98257.65,pending,2025-08-21,98257.65,106118.26
233,142,16,2,2900731.67,completed,2025-08-08,2900731.67,3132790.2
234,94,46,3,353592.28,pending,2025-12-28,353592.28,381879.66
235,139,21,5,216972.84,completed,2025-12-22,216972.84,234330.67
236,160,29,5,1629065.65,completed,2025-12-05,1629065.65,1759390.9
237,187,24,5,132375.17,completed,2025-11-15,132375.17,142965.19
238,171,50,3,2383012.98,completed,2025-07-16,2383012.98,2573654.02
239,125,18,3,2764108.39,completed,2025-09-10,2764108.39,2985237.06
240,54,16,3,2290516.55,completed,2025-07-13,2290516.55,2473757.87
241,157,29,5,804660.24,completed,2025-09-27,804660.24,869033.06
242,73,6,3,503651.09,refunded,2025-09-01,503651.09,543943.17
243,17,37,1,112421.47,cancelled,2025-08-03,112421.47,121415.19
244,111,43,1,972538.7,cancelled,2025-08-29,972538.7,1050341.8
245,109,44,5,1835043.89,completed,2025-11-28,1835043.89,1981847.4
246,140,50,5,2279285.75,completed,2025-08-13,2279285.75,2461628.61
247,158,26,4,2750458.47,completed,2025-12-24,2750458.47,2970495.15
248,110,20,2,622011.57,completed,2025-08-14,622011.57,671772.5
249,56,16,1,2505261.3,pending,2025-10-17,2505261.3,2705682.21
250,3,40,3,1872388.43,completed,2025-08-20,1872388.43,2022179.51
251,26,43,5,1347577.54,refunded,2025-12-18,1347577.54,1455383.74
252,98,43,2,2804643.69,completed,2025-10-11,2804643.69,3029015.19
253,149,17,1,1372971.63,completed,2025-12-29,1372971.63,1482809.36
254,96,26,2,2329171.61,refunded,2025-08-27,2329171.61,2515505.34
255,7,44,5,538848.25,completed,2025-10-08,538848.25,581956.11
256,92,12,3,1679764.56,completed,2025-07-14,1679764.56,1814145.72
257,130,3,3,662303.37,completed,2025-07-24,662303.37,715287.64
258,190,22,5,1166470.07,completed,2025-10-09,1166470.07,1259787.67
259,165,13,3,1394630.04,pending,2025-11-29,1394630.04,1506200.44
260,136,29,5,465020.47,completed,2025-07-23,465020.47,502222.11
261,2,36,4,2340630.35,completed,2025-07-18,2340630.35,2527880.78
262,52,50,2,1896809.12,completed,2025-08-29,1896809.12,2048553.85
263,197,5,5,2837010.56,completed,2025-10-25,2837010.56,3063971.4
264,108,47,2,1075019.19,completed,2025-11-14,1075019.19,1161020.72
265,4,32,4,2844352.22,completed,2025-07-10,2844352.22,3071900.4
266,114,38,3,166345.1,completed,2025-07-07,166345.1,179652.71
267,181,1,3,664429.59,completed,2025-10-25,664429.59,717583.95
268,199,12,5,1318892.31,completed,2025-11-24,1318892.31,1424403.7
269,88,21,2,2350056.47,completed,2025-12-30,2350056.47,2538060.99
270,166,43,3,1057373.52,completed,2025-10-31,1057373.52,1141963.4
271,189,38,4,2950112.23,pending,2025-12-25,2950112.23,3186121.21
272,100,4,4,474552.22,completed,2025-09-26,474552.22,512516.4
273,43,17,5,2492161.74,pending,2025-07-23,2492161.74,2691534.68
274,36,20,4,2930998.54,completed,2025-08-05,2930998.54,3165478.42
275,122,32,2,1702768.31,pending,2025-08-23,1702768.31,1838989.78
276,9,12,3,1573989.64,completed,2025-07-22,1573989.64,1699908.82
277,99,38,5,1195990.13,completed,2025-08-11,1195990.13,1291669.35
278,148,49,1,2636472.33,completed,2025-07-07,2636472.33,2847390.11
279,45,41,2,2910447.06,completed,2025-07-18,2910447.06,3143282.82
280,145,8,3,2949915.59,completed,2025-07-19,2949915.59,3185908.83
281,198,43,4,1103679.03,completed,2025-10-15,1103679.03,1191973.35
282,86,2,3,844880.26,completed,2025-08-30,844880.26,912470.68
283,171,31,1,964161.17,pending,2025-10-27,964161.17,1041294.06
284,93,18,4,2154811.68,completed,2025-11-08,2154811.68,2327196.62
285,169,23,1,2290416.67,completed,2025-08-23,2290416.67,2473650.01
286,122,39,4,1083068.32,completed,2025-08-06,1083068.32,1169713.79
287,177,17,2,1832737.73,completed,2025-08-07,1832737.73,1979356.75
288,194,28,1,2736570.45,completed,2025-10-10,2736570.45,2955496.09
289,62,41,1,1031731.21,completed,2025-12-08,1031731.21,1114269.71
290,24,29,1,763129.04,completed,2025-09-10,763129.04,824179.36
291,13,6,3,1596773.77,completed,2025-08-26,1596773.77,1724515.68
292,189,33,1,935610.95,completed,2025-08-21,935610.95,1010459.82
293,161,43,1,2405946.41,completed,2025-09-21,2405946.41,2598422.12
294,43,34,2,1853872.0,completed,2025-09-22,1853872.0,2002181.76
295,11,10,3,2177565.5,cancelled,2025-07-08,2177565.5,2351770.74
296,96,20,4,2059062.23,completed,2025-09-10,2059062.23,2223787.21
297,10,30,2,1276959.46,cancelled,2025-08-31,1276959.46,1379116.21
298,138,22,4,2561523.53,completed,2025-07-21,2561523.53,2766445.41
299,124,1,1,125666.62,completed,2025-12-27,125666.62,135719.95
300,33,8,2,1702303.4,completed,2025-08-06,1702303.4,1838487.67
301,123,20,3,1779185.78,completed,2025-12-25,1779185.78,1921520.65
302,121,49,2,2122747.44,completed,2025-08-27,2122747.44,2292567.23
303,165,41,2,57675.57,completed,2025-07-04,57675.57,62289.61
304,195,18,3,1006237.37,completed,2025-09-22,1006237.37,1086736.36
305,124,23,5,2317933.72,cancelled,2025-08-07,2317933.72,2503368.41
306,14,27,1,1674956.85,completed,2025-11-17,1674956.85,1808953.39
307,45,50,3,2730313.59,cancelled,2025-07-28,2730313.59,2948738.68
308,167,34,1,1411188.55,cancelled,2025-08-25,1411188.55,1524083.64
309,77,20,5,2156137.79,pending,2025-12-27,2156137.79,2328628.81
310,54,14,5,2382863.79,completed,2025-09-19,2382863.79,2573492.89
311,155,11,4,742899.64,refunded,2025-10-19,742899.64,802331.61
312,192,41,2,2675652.59,completed,2025-10-20,2675652.59,2889704.79
313,22,39,5,154874.16,completed,2025-08-22,154874.16,167264.09
314,46,41,5,1111345.48,pending,2025-09-18,1111345.48,1200253.11
315,199,23,2,1188376.86,completed,2025-10-21,1188376.86,1283447.01
316,168,48,2,1481774.19,completed,2025-08-05,1481774.19,1600316.12
317,139,21,2,2190492.44,completed,2025-09-06,2190492.44,2365731.83
318,98,22,5,1110806.26,cancelled,2025-08-08,1110806.26,1199670.76
319,48,24,4,1833536.88,pending,2025-11-01,1833536.88,1980219.83
320,89,28,2,1175459.16,cancelled,2025-07-29,1175459.16,1269495.9
321,108,42,5,400261.55,completed,2025-07-01,400261.55,432282.48
322,188,38,1,1346448.93,completed,2025-11-03,1346448.93,1454164.84
323,143,12,2,2018511.08,completed,2025-12-03,2018511.08,2179991.97
324,168,31,2,1947082.76,completed,2025-11-23,1947082.76,2102849.38
325,178,6,3,967421.84,completed,2025-12-05,967421.84,1044815.59
326,164,48,1,2636070.83,completed,2025-09-19,2636070.83,2846956.5
327,157,29,3,633295.99,completed,2025-07-24,633295.99,683959.67
328,55,30,1,2730321.81,completed,2025-11-13,2730321.81,2948747.55
329,146,13,5,1796171.9,completed,2025-09-25,1796171.9,1939865.65
330,43,5,3,1639356.54,pending,2025-12-08,1639356.54,1770505.06
331,83,11,1,1089347.26,cancelled,2025-09-09,1089347.26,1176495.04
332,20,32,5,2678573.18,completed,2025-10-20,2678573.18,2892859.04
333,180,17,4,1697030.96,completed,2025-09-11,1697030.96,1832793.43
334,63,22,5,1527486.79,completed,2025-12-12,1527486.79,1649685.73
335,153,3,4,529969.12,completed,2025-09-20,529969.12,572366.64
336,134,48,2,539491.53,completed,2025-07-13,539491.53,582650.85
337,133,19,1,504801.04,completed,2025-07-13,504801.04,545185.12
338,129,34,3,2357532.24,completed,2025-10-24,2357532.24,2546134.82
339,60,13,5,1828297.35,completed,2025-12-16,1828297.35,1974561.14
340,63,48,5,1559427.21,completed,2025-12-15,1559427.21,1684181.38
341,27,3,3,621728.19,pending,2025-10-12,621728.19,671466.45
342,117,15,2,1702457.19,completed,2025-09-10,1702457.19,1838653.77
343,6,25,2,916155.54,completed,2025-11-26,916155.54,989447.99
344,55,9,4,1823288.54,cancelled,2025-11-15,1823288.54,1969151.62
345,87,32,5,1757019.89,completed,2025-07-21,1757019.89,1897581.48
346,83,21,1,832867.9,completed,2025-07-25,832867.9,899497.34
347,184,3,3,47200.26,cancelled,2025-12-10,47200.26,50976.28
348,14,8,2,388661.35,refunded,2025-11-18,388661.35,419754.25
349,167,11,4,107217.26,completed,2025-08-04,107217.26,115794.64
350,175,10,4,720973.75,completed,2025-10-20,720973.75,778651.65
351,48,2,4,2138061.71,completed,2025-07-25,2138061.71,2309106.65
352,30,2,3,1202338.83,completed,2025-12-24,1202338.83,1298525.94
353,4,41,1,1243454.26,completed,2025-09-07,1243454.26,1342930.6
354,76,44,1,1754939.45,refunded,2025-12-24,1754939.45,1895334.6
355,78,20,1,1144464.72,cancelled,2025-07-20,1144464.72,1236021.9
356,55,50,3,2034178.08,completed,2025-11-15,2034178.08,2196912.33
357,74,14,3,586708.13,cancelled,2025-08-12,586708.13,633644.78
358,32,33,2,2443319.15,completed,2025-08-03,2443319.15,2638784.69
359,150,29,4,1641237.55,completed,2025-09-29,1641237.55,1772536.55
360,167,6,1,1641694.05,pending,2025-09-23,1641694.05,1773029.57
361,4,11,5,2310174.26,completed,2025-11-27,2310174.26,2494988.2
362,189,30,4,1778260.06,completed,2025-08-12,1778260.06,1920520.87
363,123,34,5,971809.66,completed,2025-09-07,971809.66,1049554.43
364,66,5,1,1463916.86,cancelled,2025-10-25,1463916.86,1581030.21
365,104,29,1,2817144.95,refunded,2025-10-04,2817144.95,3042516.55
366,32,42,5,2064184.61,completed,2025-09-27,2064184.61,2229319.38
367,36,15,1,2434159.33,completed,2025-12-17,2434159.33,2628892.07
368,1,48,2,2019366.24,completed,2025-07-31,2019366.24,2180915.54
369,146,39,1,1523613.88,completed,2025-09-17,1523613.88,1645502.99
370,23,38,3,1754597.5,completed,2025-07-30,1754597.5,1894965.3
371,17,15,4,2191071.41,completed,2025-12-08,2191071.41,2366357.12
372,147,10,4,2858903.55,completed,2025-10-09,2858903.55,3087615.83
373,106,37,2,1240666.42,completed,2025-08-01,1240666.42,1339919.73
374,71,18,2,2828275.92,completed,2025-11-10,2828275.92,3054537.99
375,96,11,1,2052526.74,completed,2025-10-19,2052526.74,2216728.88
376,2,6,3,1704352.68,pending,2025-07-01,1704352.68,1840700.89
377,18,44,4,2644280.48,completed,2025-10-23,2644280.48,2855822.92
378,156,33,5,627338.07,completed,2025-10-18,627338.07,677525.11
379,102,36,2,2713661.27,pending,2025-11-23,2713661.27,2930754.17
380,127,8,1,7072.87,refunded,2025-11-14,7072.87,7638.69
381,198,32,5,2239114.17,cancelled,2025-11-01,2239114.17,2418243.3
382,182,44,2,262381.4,completed,2025-11-01,262381.4,283371.91
383,147,37,2,2803405.8,completed,2025-07-09,2803405.8,3027678.26
384,193,24,4,909058.64,pending,2025-07-18,909058.64,981783.34
385,143,11,4,2816094.24,completed,2025-11-01,2816094.24,3041381.78
386,93,18,3,323741.33,completed,2025-09-23,323741.33,349640.64
387,186,22,5,2718748.48,completed,2025-10-08,2718748.48,2936248.36
388,31,38,2,1185287.94,completed,2025-11-02,1185287.94,1280110.98
389,195,4,4,121569.19,completed,2025-09-04,121569.19,131294.72
390,90,28,5,1036327.06,completed,2025-07-04,1036327.06,1119233.22
391,101,34,2,161205.02,completed,2025-09-02,161205.02,174101.42
392,21,30,1,2924017.06,completed,2025-09-18,2924017.06,3157938.43
393,85,4,2,1181096.9,completed,2025-08-11,1181096.9,1275584.65
394,69,47,3,910051.44,cancelled,2025-07-31,910051.44,982855.56
395,19,43,1,1269912.04,completed,2025-07-26,1269912.04,1371505.0
396,157,37,2,2758404.02,completed,2025-08-29,2758404.02,2979076.34
397,43,10,4,2693505.44,completed,2025-08-01,2693505.44,2908985.87
398,69,47,1,2576841.85,completed,2025-11-29,2576841.85,2782989.19
399,115,45,4,2855292.68,completed,2025-07-25,2855292.68,3083716.09
400,69,25,4,2118849.57,pending,2025-07-11,2118849.57,2288357.54
401,14,12,3,2511080.88,pending,2025-09-06,2511080.88,2711967.36
402,150,24,1,736737.77,completed,2025-10-21,736737.77,795676.79
403,162,30,5,1711467.31,pending,2025-10-26,1711467.31,1848384.69
404,90,41,1,2356682.01,completed,2025-07-07,2356682.01,2545216.57
405,57,36,3,896837.42,completed,2025-12-09,896837.42,968584.41
406,189,5,4,1059361.87,pending,2025-08-17,1059361.87,1144110.82
407,21,43,2,2565961.35,completed,2025-07-21,2565961.35,2771238.26
408,82,7,1,2419453.28,completed,2025-12-14,2419453.28,2613009.54
409,99,45,4,2053274.55,completed,2025-11-04,2053274.55,2217536.51
410,117,49,4,1155669.62,refunded,2025-09-12,1155669.62,1248123.19
411,2,38,5,1450827.62,pending,2025-09-30,1450827.62,1566893.82
412,133,42,3,858707.84,completed,2025-12-21,858707.84,927404.46
413,37,48,4,440844.27,completed,2025-09-16,440844.27,476111.81
414,167,41,1,1065259.73,completed,2025-07-01,1065259.73,1150480.51
415,36,33,5,2380806.56,cancelled,2025-09-20,2380806.56,2571271.08
416,101,46,4,2609741.24,completed,2025-10-22,2609741.24,2818520.54
417,130,21,4,2122380.55,completed,2025-12-15,2122380.55,2292171.0
418,52,3,3,2352257.71,refunded,2025-11-15,2352257.71,2540438.33
419,46,8,1,1696131.27,pending,2025-11-26,1696131.27,1831821.77
420,74,18,3,2430243.45,completed,2025-10-24,2430243.45,2624662.92
421,69,44,2,599488.57,completed,2025-08-30,599488.57,647447.65
422,37,26,3,2853282.01,completed,2025-08-02,2853282.01,3081544.57
423,69,34,4,1227766.05,completed,2025-10-29,1227766.05,1325987.33
424,184,41,4,2589443.93,refunded,2025-11-11,2589443.93,2796599.44
425,28,23,3,1053931.02,completed,2025-12-15,1053931.02,1138245.51
426,154,11,1,1310541.95,pending,2025-10-16,1310541.95,1415385.31
427,154,33,3,2650613.92,completed,2025-09-09,2650613.92,2862663.04
428,54,40,5,1947045.82,pending,2025-10-05,1947045.82,2102809.49
429,148,20,4,630525.25,completed,2025-10-23,630525.25,680967.27
430,68,38,3,192884.69,completed,2025-12-02,192884.69,208315.46
431,77,11,4,2070160.27,completed,2025-09-04,2070160.27,2235773.09
432,33,50,2,298910.61,completed,2025-08-11,298910.61,322823.46
433,191,16,5,489713.58,completed,2025-10-15,489713.58,528890.67
434,13,32,4,1635165.68,pending,2025-07-04,1635165.68,1765978.94
435,127,50,4,1321769.26,pending,2025-11-18,1321769.26,1427510.8
436,56,16,1,1542790.02,completed,2025-09-01,1542790.02,1666213.22
437,2,23,4,2238040.94,completed,2025-10-25,2238040.94,2417084.22
438,75,15,5,2720713.65,completed,2025-12-19,2720713.65,2938370.74
439,24,9,1,693006.64,completed,2025-07-10,693006.64,748447.17
440,154,43,2,2679109.05,refunded,2025-07-29,2679109.05,2893437.78
441,125,19,4,2199153.78,completed,2025-10-21,2199153.78,2375086.08
442,168,47,5,370859.32,pending,2025-12-15,370859.32,400528.06
443,110,17,1,68578.21,cancelled,2025-09-10,68578.21,74064.46
444,8,14,5,2150024.15,completed,2025-08-29,2150024.15,2322026.08
445,167,50,5,521787.86,completed,2025-11-07,521787.86,563530.89
446,148,8,2,2010242.68,completed,2025-09-19,2010242.68,2171062.1
447,46,21,4,709052.22,cancelled,2025-10-31,709052.22,765776.4
448,79,15,3,1992921.62,completed,2025-11-24,1992921.62,2152355.35
449,149,8,4,2418356.95,completed,2025-12-20,2418356.95,2611825.51
450,13,3,3,2841433.82,cancelled,2025-08-10,2841433.82,3068748.52
451,112,5,5,1507004.43,completed,2025-09-26,1507004.43,1627564.79
452,79,48,2,171111.34,completed,2025-07-07,171111.34,184800.24
453,193,6,2,910384.3,completed,2025-10-14,910384.3,983215.05
454,122,26,4,2189566.24,completed,2025-12-05,2189566.24,2364731.54
455,169,49,1,2171717.05,completed,2025-08-05,2171717.05,2345454.41
456,31,15,2,2615500.12,completed,2025-08-14,2615500.12,2824740.13
457,183,23,1,1832811.73,pending,2025-08-07,1832811.73,1979436.67
458,162,40,5,70783.04,completed,2025-12-03,70783.04,76445.68
459,47,8,5,2921806.16,completed,2025-08-25,2921806.16,3155550.65
460,53,9,1,1183466.27,refunded,2025-12-02,1183466.27,1278143.58
461,5,6,2,2980771.24,pending,2025-08-27,2980771.24,3219232.94
462,75,29,5,302402.42,completed,2025-11-30,302402.42,326594.62
463,118,43,3,1249153.28,completed,2025-09-30,1249153.28,1349085.54
464,89,21,2,2099838.04,completed,2025-08-29,2099838.04,2267825.08
465,3,37,3,2190060.52,completed,2025-08-25,2190060.52,2365265.36
466,103,15,2,1836878.72,completed,2025-09-13,1836878.72,1983829.01
467,150,25,1,149156.74,refunded,2025-10-17,149156.74,161089.28
468,34,28,5,583977.16,pending,2025-08-06,583977.16,630695.33
469,148,29,4,2907391.42,completed,2025-08-02,2907391.42,3139982.73
470,14,36,3,1183358.07,completed,2025-11-21,1183358.07,1278026.71
471,11,6,3,963004.0,completed,2025-09-27,963004.0,1040044.32
472,65,26,5,1123674.65,completed,2025-07-31,1123674.65,1213568.63
473,176,4,5,925841.27,cancelled,2025-08-03,925841.27,999908.57
474,153,39,4,1854776.92,completed,2025-07-27,1854776.92,2003159.07
475,150,1,2,2435888.2,completed,2025-09-10,2435888.2,2630759.26
476,61,25,5,1984357.38,completed,2025-11-24,1984357.38,2143105.97
477,110,36,3,997519.42,pending,2025-07-20,997519.42,1077320.97
478,150,44,3,2009273.96,completed,2025-07-22,2009273.96,2170015.88
479,99,46,3,2107160.14,completed,2025-10-24,2107160.14,2275732.95
480,87,36,5,2522981.65,refunded,2025-12-09,2522981.65,2724820.19
481,60,40,2,1247829.27,completed,2025-12-01,1247829.27,1347655.61
482,38,21,3,286996.17,completed,2025-12-05,286996.17,309955.86
483,132,1,5,1824220.67,completed,2025-11-19,1824220.67,1970158.32
484,178,4,5,1929012.32,completed,2025-09-01,1929012.32,2083333.3
485,58,29,5,2376208.33,completed,2025-09-01,2376208.33,2566305.0
486,41,4,1,1824053.67,cancelled,2025-07-18,1824053.67,1969977.96
487,137,40,5,148851.5,cancelled,2025-07-05,148851.5,160759.62
488,190,23,3,165965.28,pending,2025-12-12,165965.28,179242.5
489,90,31,5,2071432.35,pending,2025-10-02,2071432.35,2237146.94
490,152,38,4,2860296.37,completed,2025-12-01,2860296.37,3089120.08
491,197,23,2,1922397.87,completed,2025-08-29,1922397.87,2076189.7
492,159,20,3,1853200.63,cancelled,2025-12-08,1853200.63,2001456.68
493,176,9,3,233800.36,completed,2025-10-12,233800.36,252504.39
494,175,13,4,2607583.38,pending,2025-11-04,2607583.38,2816190.05
495,199,17,2,682023.65,completed,2025-09-04,682023.65,736585.54
496,181,27,5,2145097.5,completed,2025-09-04,2145097.5,2316705.3
497,36,18,2,1299800.14,completed,2025-12-06,1299800.14,1403784.15
498,189,17,4,2454075.15,completed,2025-07-17,2454075.15,2650401.16
499,86,28,3,2858776.63,completed,2025-12-02,2858776.63,3087478.77
500,34,29,3,1736426.13,completed,2025-07-26,1736426.13,1875340.22
501,85,47,3,2661910.59,completed,2025-09-08,2661910.59,2874863.44
502,3,13,4,1043427.3,pending,2025-12-22,1043427.3,1126901.49
503,65,23,2,2844997.03,pending,2025-12-17,2844997.03,3072596.79
504,12,22,3,2606393.41,pending,2025-12-27,2606393.41,2814904.88
505,35,13,5,1897128.38,completed,2025-09-25,1897128.38,2048898.66
506,119,12,5,813836.13,cancelled,2025-09-30,813836.13,878943.02
507,80,9,3,2060010.17,refunded,2025-08-22,2060010.17,2224810.98
508,129,28,3,275318.37,completed,2025-12-18,275318.37,297343.84
509,43,24,5,802176.83,pending,2025-07-03,802176.83,866350.97
510,181,32,2,2667244.18,completed,2025-12-30,2667244.18,2880623.72
511,52,22,1,1329534.39,completed,2025-09-07,1329534.39,1435897.14
512,24,18,5,723986.55,completed,2025-09-21,723986.55,781905.48
513,155,46,4,981276.07,cancelled,2025-08-20,981276.07,1059778.16
514,80,16,1,2745384.98,completed,2025-07-08,2745384.98,2965015.78
515,147,42,5,654996.08,completed,2025-08-19,654996.08,707395.77
516,31,19,2,2681892.69,completed,2025-12-26,2681892.69,2896444.11
517,53,45,4,2079613.86,completed,2025-11-10,2079613.86,2245982.97
518,5,5,2,166640.13,pending,2025-09-14,166640.13,179971.34
519,176,46,2,1347803.41,refunded,2025-09-20,1347803.41,1455627.68
520,49,29,1,801820.64,completed,2025-08-07,801820.64,865966.29
521,69,38,4,1671498.36,pending,2025-11-05,1671498.36,1805218.23
522,39,28,4,972055.08,completed,2025-10-19,972055.08,1049819.49
523,16,3,3,2352947.26,completed,2025-11-01,2352947.26,2541183.04
524,185,24,5,506003.67,completed,2025-08-24,506003.67,546483.97
525,67,4,1,2517239.82,completed,2025-12-22,2517239.82,2718619.01
526,34,27,1,830872.85,pending,2025-09-22,830872.85,897342.68
527,98,44,4,35130.94,pending,2025-11-17,35130.94,37941.41
528,159,46,2,2500234.62,completed,2025-12-23,2500234.62,2700253.38
529,83,31,1,427723.99,completed,2025-12-19,427723.99,461941.91
530,122,20,2,381425.47,cancelled,2025-10-25,381425.47,411939.51
531,174,49,4,2203268.43,completed,2025-11-18,2203268.43,2379529.91
532,145,19,3,696769.42,completed,2025-11-05,696769.42,752510.97
533,18,4,4,1710958.29,pending,2025-10-05,1710958.29,1847834.95
534,94,19,4,1697588.62,pending,2025-08-29,1697588.62,1833395.71
535,80,47,5,220992.24,pending,2025-12-26,220992.24,238671.62
536,129,39,4,1252892.59,completed,2025-07-13,1252892.59,1353124.0
537,102,13,4,1024088.5,completed,2025-09-16,1024088.5,1106015.58
538,137,27,5,1075628.32,cancelled,2025-08-05,1075628.32,1161678.59
539,33,10,4,696235.68,completed,2025-08-23,696235.68,751934.54
540,55,6,5,1832171.9,completed,2025-08-04,1832171.9,1978745.65
541,99,41,5,2897111.48,completed,2025-09-22,2897111.48,3128880.4
542,182,49,4,409099.76,completed,2025-11-22,409099.76,441827.74
543,186,50,3,2001075.42,completed,2025-10-09,2001075.42,2161161.45
544,52,5,2,455389.86,completed,2025-11-11,455389.86,491821.05
545,8,26,3,2175373.48,completed,2025-08-11,2175373.48,2349403.36
546,118,35,5,796111.18,completed,2025-11-08,796111.18,859800.07
547,78,17,1,1804085.52,pending,2025-10-30,1804085.52,1948412.36
548,67,12,2,1924789.54,completed,2025-08-28,1924789.54,2078772.7
549,14,21,3,158240.71,completed,2025-10-30,158240.71,170899.97
550,9,4,2,823772.6,completed,2025-09-18,823772.6,889674.41
551,43,27,1,2747296.77,completed,2025-10-13,2747296.77,2967080.51
552,155,31,3,533232.38,completed,2025-10-17,533232.38,575890.98
553,8,15,3,2224006.07,completed,2025-07-30,2224006.07,2401926.56
554,53,3,5,2858662.24,pending,2025-11-20,2858662.24,3087355.22
555,171,19,1,2950115.59,completed,2025-11-10,2950115.59,3186124.84
556,74,26,1,2620484.24,completed,2025-08-27,2620484.24,2830122.98
557,67,46,4,403349.4,completed,2025-12-23,403349.4,435617.35
558,146,38,3,1246389.23,completed,2025-10-15,1246389.23,1346100.36
559,125,8,3,2851742.85,pending,2025-10-11,2851742.85,3079882.27
560,62,20,5,2708962.4,completed,2025-10-28,2708962.4,2925679.39
561,186,33,3,1478584.18,completed,2025-09-08,1478584.18,1596870.91
562,95,45,4,2217534.74,completed,2025-11-14,2217534.74,2394937.52
563,74,26,2,2211112.94,refunded,2025-09-21,2211112.94,2388001.98
564,6,23,4,2736928.35,completed,2025-09-10,2736928.35,2955882.61
565,21,40,3,2249602.75,pending,2025-10-04,2249602.75,2429570.97
566,184,45,4,2828005.89,completed,2025-12-27,2828005.89,3054246.36
567,106,4,1,2017090.81,refunded,2025-09-28,2017090.81,2178458.07
568,80,32,5,1384375.51,refunded,2025-11-05,1384375.51,1495125.55
569,165,9,5,2896207.54,completed,2025-07-11,2896207.54,3127904.14
570,131,17,5,1678126.4,completed,2025-08-31,1678126.4,1812376.51
571,41,11,4,1950602.77,pending,2025-07-02,1950602.77,2106650.99
572,192,10,3,1201422.18,refunded,2025-12-04,1201422.18,1297535.95
573,193,21,5,203268.91,completed,2025-10-01,203268.91,219530.43
574,62,40,3,1642424.75,completed,2025-10-11,1642424.75,1773818.73
575,30,8,2,98999.22,pending,2025-12-06,98999.22,106919.16
576,41,12,1,1973076.31,completed,2025-11-18,1973076.31,2130922.41
577,65,12,3,1942750.88,refunded,2025-10-10,1942750.88,2098170.95
578,185,2,4,2326214.15,completed,2025-08-24,2326214.15,2512311.28
579,116,17,4,1222661.78,pending,2025-12-01,1222661.78,1320474.72
580,62,41,3,1844321.8,completed,2025-08-19,1844321.8,1991867.55
581,98,41,4,2581226.77,completed,2025-12-26,2581226.77,2787724.91
582,95,33,5,746971.81,completed,2025-07-30,746971.81,806729.55
583,16,5,3,885923.63,refunded,2025-08-27,885923.63,956797.52
584,135,3,5,862527.0,cancelled,2025-07-13,862527.0,931529.16
585,192,39,2,2661388.36,completed,2025-07-19,2661388.36,2874299.43
586,136,38,4,2993001.03,completed,2025-08-28,2993001.03,3232441.11
587,26,40,2,2565387.1,completed,2025-10-12,2565387.1,2770618.07
588,38,23,4,2788551.01,completed,2025-07-07,2788551.01,3011635.09
589,166,30,3,356818.11,completed,2025-10-01,356818.11,385363.56
590,83,44,3,2855984.93,completed,2025-08-09,2855984.93,3084463.73
591,58,39,5,2393281.94,completed,2025-07-24,2393281.94,2584744.49
592,60,42,5,2021782.61,completed,2025-09-07,2021782.61,2183525.22
593,43,18,5,1903825.39,completed,2025-11-11,1903825.39,2056131.42
594,118,4,2,2424221.32,completed,2025-11-30,2424221.32,2618159.02
595,91,21,2,2388696.78,cancelled,2025-08-31,2388696.78,2579792.52
596,138,39,3,1804338.07,completed,2025-08-23,1804338.07,1948685.12
597,38,6,5,600146.46,completed,2025-12-02,600146.46,648158.18
598,98,50,1,2539278.18,pending,2025-11-14,2539278.18,2742420.43
599,56,43,2,1248672.84,completed,2025-12-18,1248672.84,1348566.66
600,180,8,2,2332458.88,pending,2025-09-03,2332458.88,2519055.59
601,57,1,2,2564115.75,completed,2025-12-15,2564115.75,2769245.01
602,78,28,5,704686.57,completed,2025-12-10,704686.57,761061.5
603,151,21,4,2059886.23,completed,2025-12-11,2059886.23,2224677.12
604,57,33,3,2061213.75,completed,2025-12-04,2061213.75,2226110.85
605,90,40,4,2902341.17,completed,2025-11-21,2902341.17,3134528.47
606,36,18,2,552252.46,completed,2025-07-25,552252.46,596432.66
607,108,37,5,547288.76,cancelled,2025-11-13,547288.76,591071.86
608,139,23,2,1094678.73,completed,2025-09-20,1094678.73,1182253.03
609,7,18,2,314624.07,completed,2025-12-29,314624.07,339793.99
610,92,32,4,2152719.71,cancelled,2025-07-03,2152719.71,2324937.29
611,95,2,5,2204307.93,pending,2025-07-23,2204307.93,2380652.57
612,77,17,1,814468.06,completed,2025-10-19,814468.06,879625.51
613,145,49,3,820374.86,cancelled,2025-07-23,820374.86,886004.85
614,30,11,1,219262.06,pending,2025-08-18,219262.06,236803.03
615,27,43,1,672511.76,completed,2025-08-23,672511.76,726312.7
616,93,3,2,2042349.54,completed,2025-07-26,2042349.54,2205737.5
617,117,34,1,662316.78,pending,2025-11-06,662316.78,715302.12
618,30,49,5,2060649.4,completed,2025-10-27,2060649.4,2225501.35
619,163,9,2,1735187.44,completed,2025-10-28,1735187.44,1874002.44
620,97,41,4,674732.82,completed,2025-12-29,674732.82,728711.45
621,67,45,3,1344587.35,completed,2025-11-19,1344587.35,1452154.33
622,52,37,2,1016385.57,refunded,2025-08-29,1016385.57,1097696.42
623,79,50,4,1555234.56,cancelled,2025-08-10,1555234.56,1679653.32
624,56,44,1,1657212.95,pending,2025-08-11,1657212.95,1789789.98
625,150,35,4,1215788.93,completed,2025-11-19,1215788.93,1313052.05
626,181,7,4,1553717.1,completed,2025-07-28,1553717.1,1678014.47
627,134,25,5,613435.02,cancelled,2025-12-15,613435.02,662509.82
628,146,44,1,2429351.96,completed,2025-09-25,2429351.96,2623700.12
629,3,13,4,1487922.75,pending,2025-07-03,1487922.75,1606956.57
630,136,24,5,2990631.25,cancelled,2025-09-08,2990631.25,3229881.75
631,9,20,1,1127386.61,completed,2025-08-08,1127386.61,1217577.54
632,115,32,4,2752389.41,pending,2025-12-19,2752389.41,2972580.56
633,2,48,5,1082974.93,completed,2025-09-04,1082974.93,1169612.92
634,128,28,1,2640660.04,completed,2025-11-14,2640660.04,2851912.84
635,154,13,2,772396.39,completed,2025-07-23,772396.39,834188.1
636,173,41,5,1284662.77,completed,2025-09-29,1284662.77,1387435.79
637,116,27,1,1232057.23,pending,2025-08-20,1232057.23,1330621.81
638,144,17,1,2506545.19,completed,2025-10-05,2506545.19,2707068.81
639,67,38,4,484670.18,cancelled,2025-10-07,484670.18,523443.8
640,122,25,1,746554.48,completed,2025-11-20,746554.48,806278.84
641,12,37,5,904728.48,pending,2025-11-19,904728.48,977106.76
642,88,9,1,2092277.65,completed,2025-10-11,2092277.65,2259659.86
643,12,41,3,240289.05,completed,2025-12-12,240289.05,259512.18
644,131,13,5,108151.8,pending,2025-11-05,108151.8,116803.95
645,129,43,5,2784336.94,pending,2025-11-22,2784336.94,3007083.89
646,193,31,3,440360.35,completed,2025-12-02,440360.35,475589.17
647,183,23,2,182857.97,completed,2025-11-12,182857.97,197486.61
648,192,1,5,1427023.12,completed,2025-09-29,1427023.12,1541184.97
649,70,34,1,1927826.94,completed,2025-10-17,1927826.94,2082053.1
650,149,38,3,12380.33,completed,2025-07-21,12380.33,13370.76
651,18,47,5,2628477.48,completed,2025-07-31,2628477.48,2838755.68
652,142,16,5,2246106.42,completed,2025-09-28,2246106.42,2425794.94
653,15,41,4,1188825.71,completed,2025-09-04,1188825.71,1283931.77
654,20,13,1,2915189.17,completed,2025-09-05,2915189.17,3148404.31
655,31,36,5,140495.72,cancelled,2025-08-14,140495.72,151735.38
656,27,39,5,2123435.63,completed,2025-10-07,2123435.63,2293310.48
657,187,50,1,2784185.16,completed,2025-10-21,2784185.16,3006919.97
658,37,18,5,1509383.18,completed,2025-11-20,1509383.18,1630133.83
659,168,7,1,2972411.69,completed,2025-12-30,2972411.69,3210204.62
660,57,41,4,2736648.98,pending,2025-11-28,2736648.98,2955580.9
661,119,7,4,2321283.78,completed,2025-09-10,2321283.78,2506986.49
662,71,6,4,922411.66,completed,2025-12-17,922411.66,996204.59
663,163,35,4,2774519.47,pending,2025-12-27,2774519.47,2996481.03
664,63,32,3,77332.81,completed,2025-11-07,77332.81,83519.44
665,151,27,3,2840247.65,completed,2025-09-04,2840247.65,3067467.46
666,159,29,5,1653994.49,completed,2025-10-08,1653994.49,1786314.05
667,176,36,3,467341.28,completed,2025-12-23,467341.28,504728.58
668,34,9,5,2316095.33,completed,2025-07-07,2316095.33,2501382.96
669,69,14,3,1838625.24,completed,2025-07-23,1838625.24,1985715.26
670,105,36,1,1497947.99,completed,2025-07-17,1497947.99,1617783.82
671,101,27,2,10746.74,completed,2025-07-24,10746.74,11606.48
672,148,43,5,436377.72,completed,2025-07-11,436377.72,471287.93
673,18,19,5,2072639.75,completed,2025-07-14,2072639.75,2238450.93
674,29,14,3,1620365.73,completed,2025-10-17,1620365.73,1749994.99
675,70,13,3,1070487.53,completed,2025-07-16,1070487.53,1156126.53
676,30,37,4,579599.01,completed,2025-08-29,579599.01,625966.93
677,94,43,5,1373406.52,pending,2025-09-05,1373406.52,1483279.04
678,104,42,2,1393537.71,completed,2025-12-16,1393537.71,1505020.72
679,160,28,5,1630567.61,cancelled,2025-07-09,1630567.61,1761013.02
680,177,33,1,761768.79,completed,2025-11-17,761768.79,822710.29
681,144,8,2,1883399.23,refunded,2025-11-15,1883399.23,2034071.17
682,90,39,2,636869.7,completed,2025-07-23,636869.7,687819.28
683,158,36,5,801213.27,completed,2025-11-14,801213.27,865310.33
684,161,5,5,2590535.74,completed,2025-09-19,2590535.74,2797778.59
685,35,3,5,848272.11,pending,2025-07-08,848272.11,916133.88
686,45,19,5,224936.94,completed,2025-12-17,224936.94,242931.9
687,23,25,1,890100.69,completed,2025-11-10,890100.69,961308.74
688,70,10,4,590359.16,completed,2025-10-12,590359.16,637587.9
689,101,25,4,496885.23,completed,2025-09-23,496885.23,536636.05
690,146,25,5,492413.68,completed,2025-10-23,492413.68,531806.77
691,172,4,4,2180057.62,completed,2025-09-10,2180057.62,2354462.23
692,83,28,1,100161.89,completed,2025-09-12,100161.89,108174.84
693,196,24,1,872971.82,completed,2025-12-07,872971.82,942809.56
694,69,43,2,370336.89,pending,2025-09-27,370336.89,399963.84
695,104,10,4,2896238.86,completed,2025-10-22,2896238.86,3127937.97
696,191,25,4,1871686.58,completed,2025-07-24,1871686.58,2021421.51
697,44,47,3,731122.99,refunded,2025-10-01,731122.99,789612.82
698,174,3,2,2465535.66,completed,2025-07-18,2465535.66,2662778.51
699,179,41,1,1119256.37,completed,2025-10-26,1119256.37,1208796.88
700,130,6,3,2833151.64,refunded,2025-08-09,2833151.64,3059803.77
701,173,24,2,1775380.49,refunded,2025-12-19,1775380.49,1917410.93
702,87,43,1,1352568.55,completed,2025-12-28,1352568.55,1460774.03
703,113,38,4,1227574.7,completed,2025-09-22,1227574.7,1325780.67
704,149,28,5,1444566.9,completed,2025-07-05,1444566.9,1560132.25
705,17,14,5,628661.55,completed,2025-11-12,628661.55,678954.48
706,35,50,2,2392715.45,cancelled,2025-11-18,2392715.45,2584132.69
707,53,21,4,463466.74,refunded,2025-07-23,463466.74,500544.08
708,118,23,3,1240802.79,pending,2025-09-30,1240802.79,1340067.02
709,31,36,4,566093.33,completed,2025-11-03,566093.33,611380.79
710,57,26,3,2824577.01,completed,2025-07-30,2824577.01,3050543.17
711,153,12,5,2034581.79,completed,2025-10-11,2034581.79,2197348.33
712,21,31,3,1278763.87,completed,2025-07-06,1278763.87,1381064.98
713,97,20,4,194907.53,pending,2025-07-20,194907.53,210500.13
714,24,33,2,554698.51,refunded,2025-11-16,554698.51,599074.39
715,104,26,2,953466.71,completed,2025-09-17,953466.71,1029744.05
716,25,46,2,34026.89,completed,2025-10-10,34026.89,36749.04
717,185,16,5,176438.88,cancelled,2025-07-22,176438.88,190553.99
718,67,34,1,2331383.63,pending,2025-10-29,2331383.63,2517894.32
719,104,32,2,243046.03,completed,2025-08-24,243046.03,262489.72
720,39,43,3,2253305.6,completed,2025-11-21,2253305.6,2433570.05
721,42,34,1,220939.26,completed,2025-12-21,220939.26,238614.4
722,29,22,3,2191548.28,cancelled,2025-08-27,2191548.28,2366872.15
723,166,33,5,2914905.46,refunded,2025-11-01,2914905.46,3148097.9
724,77,33,5,2508008.33,completed,2025-11-08,2508008.33,2708648.99
725,120,20,2,1096812.12,pending,2025-12-10,1096812.12,1184557.09
726,125,6,1,923949.85,pending,2025-08-22,923949.85,997865.84
727,134,22,5,1819112.64,completed,2025-09-02,1819112.64,1964641.65
728,147,48,5,2138188.15,completed,2025-10-28,2138188.15,2309243.2
729,102,50,2,1351429.31,completed,2025-09-02,1351429.31,1459543.65
730,85,6,3,985407.92,completed,2025-10-07,985407.92,1064240.56
731,101,25,5,1779463.47,pending,2025-08-25,1779463.47,1921820.55
732,29,31,5,2204851.49,cancelled,2025-08-08,2204851.49,2381239.61
733,1,36,3,538292.46,pending,2025-11-05,538292.46,581355.86
734,110,43,1,78864.05,completed,2025-12-11,78864.05,85173.17
735,39,3,3,105380.26,pending,2025-07-04,105380.26,113810.68
736,4,49,2,2810919.73,refunded,2025-08-25,2810919.73,3035793.31
737,166,32,1,1867703.13,pending,2025-10-21,1867703.13,2017119.39
738,60,34,2,1149319.27,completed,2025-12-12,1149319.27,1241264.81
739,89,49,3,547675.49,cancelled,2025-12-17,547675.49,591489.53
740,19,24,5,2043555.88,completed,2025-07-16,2043555.88,2207040.35
741,195,11,1,16207.53,completed,2025-09-10,16207.53,17504.14
742,196,27,3,2487283.4,completed,2025-08-29,2487283.4,2686266.07
743,96,33,5,1583656.41,completed,2025-07-11,1583656.41,1710348.92
744,9,48,5,2383255.66,completed,2025-07-28,2383255.66,2573916.12
745,181,38,3,2975486.27,completed,2025-12-25,2975486.27,3213525.17
746,160,22,4,1155312.84,cancelled,2025-12-17,1155312.84,1247737.86
747,112,39,1,2325796.92,completed,2025-07-18,2325796.92,2511860.68
748,161,41,2,1403753.71,completed,2025-08-10,1403753.71,1516054.01
749,138,9,3,1024212.16,pending,2025-11-26,1024212.16,1106149.14
750,141,50,3,1255914.93,cancelled,2025-12-06,1255914.93,1356388.12
751,16,16,1,69330.6,pending,2025-12-06,69330.6,74877.04
752,188,9,2,2808636.3,pending,2025-11-16,2808636.3,3033327.21
753,137,40,1,1602342.81,pending,2025-07-28,1602342.81,1730530.24
754,114,6,1,101808.27,completed,2025-12-22,101808.27,109952.93
755,17,34,1,498773.95,completed,2025-08-11,498773.95,538675.87
756,82,28,1,614816.38,completed,2025-12-17,614816.38,664001.69
757,191,37,3,1595755.91,completed,2025-12-26,1595755.91,1723416.38
758,47,39,3,96888.67,completed,2025-10-12,96888.67,104639.77
759,156,5,5,204402.05,completed,2025-11-03,204402.05,220754.21
760,97,20,3,1375057.49,completed,2025-08-17,1375057.49,1485062.09
761,59,34,5,1484455.91,completed,2025-09-25,1484455.91,1603212.38
762,137,45,5,2483106.45,cancelled,2025-09-28,2483106.45,2681754.96
763,187,41,2,1713349.84,cancelled,2025-08-29,1713349.84,1850417.83
764,64,6,3,1712138.25,pending,2025-08-20,1712138.25,1849109.31
765,73,32,2,2425686.59,completed,2025-08-07,2425686.59,2619741.52
766,102,12,3,366347.17,completed,2025-07-05,366347.17,395654.95
767,186,24,5,1509281.0,completed,2025-08-14,1509281.0,1630023.48
768,103,50,1,3655.72,completed,2025-07-14,3655.72,3948.18
769,156,38,3,1309807.84,completed,2025-12-07,1309807.84,1414592.47
770,76,17,2,749521.73,completed,2025-09-09,749521.73,809483.47
771,165,38,2,2462697.59,completed,2025-08-09,2462697.59,2659713.4
772,58,20,3,2530047.48,completed,2025-10-18,2530047.48,2732451.28
773,145,35,4,958040.91,completed,2025-09-25,958040.91,1034684.19
774,19,22,2,2379413.0,cancelled,2025-08-18,2379413.0,2569766.04
775,171,26,4,1109235.86,pending,2025-09-01,1109235.86,1197974.73
776,150,38,1,1551849.72,cancelled,2025-12-21,1551849.72,1675997.69
777,170,23,4,656743.39,completed,2025-10-12,656743.39,709282.86
778,145,42,4,1511323.82,refunded,2025-07-13,1511323.82,1632229.72
779,33,30,5,1493253.36,completed,2025-10-14,1493253.36,1612713.63
780,122,16,3,1537249.94,completed,2025-07-03,1537249.94,1660229.93
781,128,1,1,1214175.18,completed,2025-08-13,1214175.18,1311309.19
782,1,9,4,2690153.38,cancelled,2025-09-14,2690153.38,2905365.65
783,199,18,5,1257954.96,cancelled,2025-09-28,1257954.96,1358591.36
784,44,40,3,1472190.47,pending,2025-11-11,1472190.47,1589965.71
785,200,15,2,959785.28,cancelled,2025-10-16,959785.28,1036568.1
786,14,28,4,1621308.62,completed,2025-12-01,1621308.62,1751013.31
787,18,28,2,656485.75,cancelled,2025-07-22,656485.75,709004.61
788,69,50,2,1408503.33,pending,2025-07-19,1408503.33,1521183.59
789,2,13,1,456273.21,completed,2025-09-13,456273.21,492775.07
790,19,5,3,425123.22,completed,2025-11-27,425123.22,459133.07
791,173,21,3,238741.64,cancelled,2025-08-01,238741.64,257840.97
792,12,47,4,58904.26,completed,2025-12-25,58904.26,63616.6
793,141,16,2,1699981.21,completed,2025-07-03,1699981.21,1835979.71
794,109,20,2,2929577.23,completed,2025-10-09,2929577.23,3163943.41
795,113,45,3,2187727.96,completed,2025-10-08,2187727.96,2362746.2
796,106,4,5,114582.21,completed,2025-08-08,114582.21,123748.79
797,141,46,2,2705463.06,completed,2025-11-17,2705463.06,2921900.11
798,119,1,1,2660466.65,completed,2025-09-04,2660466.65,2873303.99
799,143,31,5,1399438.57,completed,2025-12-06,1399438.57,1511393.66
800,163,15,3,2864499.58,completed,2025-09-19,2864499.58,3093659.55
801,88,47,3,2683188.42,pending,2025-07-31,2683188.42,2897843.49
802,58,42,1,1663100.22,cancelled,2025-08-26,1663100.22,1796148.24
803,54,19,1,895813.37,completed,2025-12-01,895813.37,967478.44
804,101,27,2,2324790.39,completed,2025-08-23,2324790.39,2510773.62
805,74,34,4,2736062.34,refunded,2025-11-15,2736062.34,2954947.32
806,68,45,3,2294783.05,completed,2025-12-22,2294783.05,2478365.69
807,127,12,3,1605940.62,completed,2025-12-22,1605940.62,1734415.87
808,168,41,1,404407.06,cancelled,2025-12-15,404407.06,436759.63
809,18,38,5,2859451.59,completed,2025-12-29,2859451.59,3088207.71
810,138,3,4,1067931.9,refunded,2025-11-30,1067931.9,1153366.45
811,45,46,5,2126208.99,completed,2025-07-15,2126208.99,2296305.71
812,131,50,5,1818002.9,pending,2025-09-02,1818002.9,1963443.13
813,165,12,1,2727986.98,completed,2025-10-31,2727986.98,2946225.94
814,25,43,5,2355845.8,completed,2025-10-25,2355845.8,2544313.47
815,195,42,5,1055710.48,completed,2025-08-09,1055710.48,1140167.32
816,73,7,3,909136.1,pending,2025-12-07,909136.1,981866.99
817,116,36,1,603088.88,completed,2025-09-28,603088.88,651335.99
818,65,23,3,1483758.3,pending,2025-08-20,1483758.3,1602458.96
819,95,24,1,2916449.98,pending,2025-08-19,2916449.98,3149765.98
820,143,28,1,2896068.15,completed,2025-11-22,2896068.15,3127753.61
821,30,1,2,457089.83,cancelled,2025-09-08,457089.83,493657.01
822,121,39,2,815621.5,completed,2025-09-22,815621.5,880871.21
823,163,42,4,2773466.37,completed,2025-09-09,2773466.37,2995343.68
824,104,23,5,1455655.57,completed,2025-12-18,1455655.57,1572108.01
825,149,36,3,2383758.08,cancelled,2025-09-19,2383758.08,2574458.73
826,182,16,2,2695980.17,completed,2025-10-27,2695980.17,2911658.58
827,156,6,5,2235809.85,completed,2025-07-28,2235809.85,2414674.64
828,87,11,5,2378394.11,pending,2025-11-14,2378394.11,2568665.64
829,105,3,4,2615894.45,pending,2025-12-15,2615894.45,2825166.0
830,45,39,5,2865129.35,cancelled,2025-12-14,2865129.35,3094339.69
831,136,42,2,936433.76,completed,2025-08-20,936433.76,1011348.46
832,34,13,2,997598.6,completed,2025-12-22,997598.6,1077406.48
833,118,21,1,1608661.45,completed,2025-08-16,1608661.45,1737354.36
834,186,22,4,1049731.01,completed,2025-10-09,1049731.01,1133709.49
835,41,21,1,623482.8,pending,2025-09-26,623482.8,673361.43
836,180,27,2,1656148.02,pending,2025-07-06,1656148.02,1788639.87
837,66,24,3,2249288.0,completed,2025-08-13,2249288.0,2429231.04
838,51,44,3,789669.33,completed,2025-07-05,789669.33,852842.88
839,13,22,2,1643970.58,pending,2025-10-15,1643970.58,1775488.23
840,38,5,3,309132.18,completed,2025-08-03,309132.18,333862.76
841,17,21,1,12698.57,completed,2025-08-01,12698.57,13714.46
842,40,17,2,24045.63,completed,2025-12-16,24045.63,25969.28
843,154,22,2,2541077.21,completed,2025-09-20,2541077.21,2744363.38
844,118,32,5,158312.02,completed,2025-07-27,158312.02,170976.98
845,136,25,5,1157545.34,pending,2025-10-19,1157545.34,1250148.97
846,144,36,2,2969010.99,completed,2025-07-16,2969010.99,3206531.87
847,157,7,1,1827996.87,completed,2025-11-25,1827996.87,1974236.62
848,56,46,2,2385720.4,completed,2025-09-29,2385720.4,2576578.03
849,55,33,2,1614743.72,completed,2025-07-29,1614743.72,1743923.21
850,81,35,4,2145885.82,pending,2025-08-07,2145885.82,2317556.69
851,173,39,2,2918514.94,completed,2025-08-09,2918514.94,3151996.13
852,22,36,5,2361217.47,completed,2025-07-16,2361217.47,2550114.87
853,191,32,2,676532.77,pending,2025-07-09,676532.77,730655.39
854,117,11,4,171495.36,completed,2025-10-10,171495.36,185214.99
855,10,12,3,2199020.04,completed,2025-11-15,2199020.04,2374941.64
856,122,35,3,307612.64,completed,2025-11-11,307612.64,332221.65
857,54,4,1,2782486.47,completed,2025-08-05,2782486.47,3005085.39
858,108,18,1,2887539.44,completed,2025-07-05,2887539.44,3118542.6
859,121,24,5,2950032.47,completed,2025-11-25,2950032.47,3186035.07
860,2,45,3,510994.42,completed,2025-07-04,510994.42,551873.97
861,5,45,1,187613.68,completed,2025-09-04,187613.68,202622.77
862,125,37,4,2651600.19,completed,2025-12-02,2651600.19,2863728.2
863,96,35,5,1786711.54,completed,2025-10-05,1786711.54,1929648.47
864,93,37,1,2678246.15,cancelled,2025-12-05,2678246.15,2892505.84
865,36,9,2,2289213.97,completed,2025-12-09,2289213.97,2472351.08
866,115,14,3,2225161.76,completed,2025-11-03,2225161.76,2403174.71
867,79,6,2,1372033.17,pending,2025-08-04,1372033.17,1481795.82
868,192,15,5,1122635.06,cancelled,2025-11-23,1122635.06,1212445.87
869,187,48,4,1202225.38,completed,2025-07-21,1202225.38,1298403.41
870,151,25,3,2498406.54,completed,2025-08-10,2498406.54,2698279.07
871,60,12,5,2906250.95,pending,2025-07-05,2906250.95,3138751.02
872,16,14,4,472758.86,completed,2025-07-30,472758.86,510579.57
873,148,19,4,2807918.91,completed,2025-09-16,2807918.91,3032552.42
874,75,28,4,1765538.89,completed,2025-11-12,1765538.89,1906782.0
875,187,38,2,345810.34,pending,2025-11-16,345810.34,373475.17
876,167,9,5,727711.2,completed,2025-11-25,727711.2,785928.1
877,141,25,4,1531816.2,completed,2025-07-18,1531816.2,1654361.49
878,37,39,5,1981701.67,pending,2025-08-20,1981701.67,2140237.8
879,79,24,2,445398.67,completed,2025-08-11,445398.67,481030.57
880,7,12,5,2994531.83,completed,2025-11-19,2994531.83,3234094.38
881,108,25,3,1429667.1,completed,2025-11-06,1429667.1,1544040.47
882,11,34,3,2535960.91,completed,2025-08-31,2535960.91,2738837.79
883,27,14,3,103398.57,completed,2025-10-27,103398.57,111670.45
884,6,7,1,2963324.07,completed,2025-07-14,2963324.07,3200389.99
885,152,30,5,1789819.16,completed,2025-07-05,1789819.16,1933004.7
886,35,3,4,2158183.14,completed,2025-08-15,2158183.14,2330837.79
887,30,45,4,338366.67,completed,2025-08-26,338366.67,365436.01
888,10,22,2,366238.95,cancelled,2025-09-10,366238.95,395538.06
889,199,35,4,939284.27,completed,2025-11-13,939284.27,1014427.01
890,182,13,4,962485.19,pending,2025-10-15,962485.19,1039484.01
891,4,28,3,2649351.38,completed,2025-10-16,2649351.38,2861299.49
892,67,47,5,89920.05,refunded,2025-10-06,89920.05,97113.65
893,44,49,1,207819.26,completed,2025-09-16,207819.26,224444.8
894,82,7,5,290283.83,pending,2025-12-28,290283.83,313506.54
895,45,4,1,1570622.53,completed,2025-10-11,1570622.53,1696272.33
896,140,7,1,2378891.64,completed,2025-12-20,2378891.64,2569202.97
897,193,21,3,2182064.78,completed,2025-07-13,2182064.78,2356629.96
898,183,25,2,860227.66,completed,2025-09-30,860227.66,929045.87
899,161,34,5,1112377.58,pending,2025-07-05,1112377.58,1201367.78
900,43,11,4,2070741.07,completed,2025-11-27,2070741.07,2236400.36
901,17,22,3,1153781.26,completed,2025-10-05,1153781.26,1246083.76
902,196,39,4,23807.93,completed,2025-07-20,23807.93,25712.57
903,145,31,2,2000378.47,pending,2025-11-29,2000378.47,2160408.75
904,82,6,2,469071.89,completed,2025-10-10,469071.89,506597.65
905,183,11,1,1865879.04,completed,2025-09-25,1865879.04,2015149.37
906,136,34,2,429488.74,completed,2025-08-02,429488.74,463847.84
907,2,8,5,1776537.26,refunded,2025-11-18,1776537.26,1918660.24
908,29,41,3,995052.7,completed,2025-12-28,995052.7,1074656.91
909,40,2,3,2148138.46,completed,2025-10-31,2148138.46,2319989.54
910,75,38,2,2755261.0,completed,2025-10-07,2755261.0,2975681.88
911,79,29,2,2593635.07,cancelled,2025-09-22,2593635.07,2801125.88
912,11,1,1,2419333.43,cancelled,2025-07-17,2419333.43,2612880.11
913,56,17,2,1249385.01,completed,2025-11-18,1249385.01,1349335.81
914,186,47,2,83721.12,completed,2025-11-26,83721.12,90418.81
915,20,45,5,83899.97,completed,2025-10-13,83899.97,90611.97
916,132,7,2,2153785.33,completed,2025-07-06,2153785.33,2326088.15
917,38,46,1,304627.7,completed,2025-08-15,304627.7,328997.91
918,8,1,1,1590463.26,refunded,2025-10-16,1590463.26,1717700.32
919,98,37,3,448670.04,completed,2025-11-06,448670.04,484563.65
920,29,21,4,758768.53,completed,2025-12-18,758768.53,819470.01
921,111,13,1,1733945.8,refunded,2025-08-05,1733945.8,1872661.46
922,120,30,2,2092225.88,refunded,2025-11-18,2092225.88,2259603.95
923,39,47,1,1076107.54,completed,2025-12-29,1076107.54,1162196.15
924,63,7,2,785409.48,completed,2025-10-14,785409.48,848242.24
925,7,26,5,1882737.19,completed,2025-12-27,1882737.19,2033356.17
926,198,21,4,1066161.53,completed,2025-11-08,1066161.53,1151454.46
927,88,26,2,2788092.35,completed,2025-09-19,2788092.35,3011139.74
928,116,30,3,2933224.03,completed,2025-07-06,2933224.03,3167881.95
929,162,50,3,1766589.95,completed,2025-09-01,1766589.95,1907917.14
930,82,13,1,1098407.93,pending,2025-11-19,1098407.93,1186280.56
931,179,4,3,1342265.06,completed,2025-09-16,1342265.06,1449646.27
932,73,14,3,2486664.41,pending,2025-11-20,2486664.41,2685597.56
933,24,27,1,2956924.38,completed,2025-08-01,2956924.38,3193478.34
934,88,47,1,1471257.46,completed,2025-07-07,1471257.46,1588958.05
935,14,9,5,1511841.01,completed,2025-12-26,1511841.01,1632788.29
936,97,24,1,2682094.81,refunded,2025-08-29,2682094.81,2896662.4
937,184,14,3,1410721.52,completed,2025-11-10,1410721.52,1523579.24
938,105,45,3,2342839.73,completed,2025-07-14,2342839.73,2530266.9
939,123,44,5,2665887.89,pending,2025-09-26,2665887.89,2879158.92
940,129,48,2,1352768.61,completed,2025-07-09,1352768.61,1460990.1
941,30,6,2,1063092.91,completed,2025-08-30,1063092.91,1148140.34
942,59,44,2,2600503.96,completed,2025-10-20,2600503.96,2808544.28
943,185,8,2,1636961.28,completed,2025-09-10,1636961.28,1767918.18
944,53,22,4,1349568.9,completed,2025-12-25,1349568.9,1457534.41
945,180,36,4,1118298.05,completed,2025-08-19,1118298.05,1207761.89
946,149,37,1,1616790.63,completed,2025-12-15,1616790.63,1746133.88
947,200,27,5,390972.29,completed,2025-07-14,390972.29,422250.07
948,5,23,1,2650317.14,completed,2025-08-26,2650317.14,2862342.51
949,189,27,2,791808.65,completed,2025-08-28,791808.65,855153.35
950,29,31,3,2701480.16,completed,2025-09-25,2701480.16,2917598.58
951,111,44,5,2300100.22,completed,2025-09-19,2300100.22,2484108.24
952,48,45,5,727503.57,completed,2025-11-27,727503.57,785703.86
953,195,5,5,702848.05,completed,2025-09-12,702848.05,759075.89
954,63,47,4,2966513.97,completed,2025-07-28,2966513.97,3203835.09
955,192,48,2,617178.98,pending,2025-07-24,617178.98,666553.29
956,183,5,1,576780.46,cancelled,2025-11-21,576780.46,622922.9
957,143,36,4,842823.38,pending,2025-09-20,842823.38,910249.25
958,179,49,5,200389.69,completed,2025-11-28,200389.69,216420.86
959,110,38,2,1655487.52,pending,2025-07-18,1655487.52,1787926.53
960,29,48,4,2250704.15,pending,2025-10-25,2250704.15,2430760.49
961,141,36,1,2199889.52,completed,2025-11-19,2199889.52,2375880.68
962,69,34,4,1883570.32,completed,2025-11-18,1883570.32,2034255.95
963,118,23,2,1177526.31,completed,2025-07-20,1177526.31,1271728.42
964,46,5,2,2185287.67,completed,2025-09-06,2185287.67,2360110.68
965,190,24,1,121491.35,completed,2025-08-06,121491.35,131210.66
966,129,34,5,2219513.65,completed,2025-09-19,2219513.65,2397074.74
967,46,32,2,1847187.22,refunded,2025-08-27,1847187.22,1994962.2
968,77,40,1,222995.09,completed,2025-07-13,222995.09,240834.7
969,3,49,1,198733.52,pending,2025-09-07,198733.52,214632.2
970,58,3,4,888291.27,completed,2025-08-21,888291.27,959354.57
971,48,29,1,2009347.43,completed,2025-08-30,2009347.43,2170095.22
972,53,34,3,1781932.4,pending,2025-09-26,1781932.4,1924486.99
973,162,8,5,170657.18,completed,2025-11-08,170657.18,184309.76
974,134,42,4,103161.17,completed,2025-10-23,103161.17,111414.06
975,20,25,2,469168.81,completed,2025-10-19,469168.81,506702.32
976,69,9,5,2717410.0,completed,2025-12-29,2717410.0,2934802.8
977,184,29,3,1717504.01,completed,2025-11-30,1717504.01,1854904.33
978,31,2,4,1399786.79,pending,2025-08-30,1399786.79,1511769.73
979,13,30,5,1351626.01,completed,2025-07-08,1351626.01,1459756.09
980,88,24,4,947733.83,completed,2025-08-10,947733.83,1023552.53
981,71,25,5,2754241.95,completed,2025-09-20,2754241.95,2974581.3
982,186,40,3,501501.71,refunded,2025-09-04,501501.71,541621.84
983,88,49,4,2550856.36,pending,2025-12-14,2550856.36,2754924.87
984,197,11,3,2366559.46,pending,2025-07-15,2366559.46,2555884.21
985,193,3,1,2246853.47,completed,2025-08-01,2246853.47,2426601.75
986,45,15,5,236618.77,completed,2025-09-27,236618.77,255548.28
987,114,31,4,2048088.93,pending,2025-12-20,2048088.93,2211936.05
988,159,45,1,349992.9,completed,2025-10-30,349992.9,377992.34
989,19,15,2,2410033.67,completed,2025-08-19,2410033.67,2602836.36
990,89,33,2,2975213.15,completed,2025-08-23,2975213.15,3213230.2
991,94,39,2,1466226.38,completed,2025-12-26,1466226.38,1583524.49
992,59,5,1,2490087.65,completed,2025-12-04,2490087.65,2689294.66
993,2,34,5,1662881.19,completed,2025-08-13,1662881.19,1795911.68
994,122,4,4,2059120.46,completed,2025-12-23,2059120.46,2223850.1
995,22,41,4,1386543.48,completed,2025-11-05,1386543.48,1497466.96
996,32,40,3,299107.27,completed,2025-07-22,299107.27,323035.85
997,104,44,5,2880245.5,completed,2025-11-29,2880245.5,3110665.14
998,80,43,5,1689843.91,completed,2025-08-13,1689843.91,1825031.43
999,70,4,4,627937.74,completed,2025-09-09,627937.74,678172.76
1000,134,43,2,1831169.15,completed,2025-08-05,1831169.15,1977662.68
1001,117,11,4,171495.36,completed,2025-10-10,171495.36,185214.99
1002,159,29,5,1653994.49,completed,2025-10-08,1653994.49,1786314.05
1003,74,34,4,2736062.34,refunded,2025-11-15,2736062.34,2954947.32
1004,130,3,3,662303.37,completed,2025-07-24,662303.37,715287.64
1005,17,14,5,628661.55,completed,2025-11-12,628661.55,678954.48
1006,93,9,5,230741.93,completed,2025-12-11,230741.93,249201.29
1007,186,33,3,1478584.18,completed,2025-09-08,1478584.18,1596870.91
1008,177,33,1,761768.79,completed,2025-11-17,761768.79,822710.29
1009,45,15,5,236618.77,completed,2025-09-27,236618.77,255548.28
1010,78,28,5,704686.57,completed,2025-12-10,704686.57,761061.5
1011,65,4,1,2491716.91,cancelled,2025-10-08,2491716.91,2691054.26
1012,193,21,5,203268.91,completed,2025-10-01,203268.91,219530.43
1013,154,12,3,2579303.02,completed,2025-07-22,2579303.02,2785647.26
1014,141,16,2,1699981.21,completed,2025-07-03,1699981.21,1835979.71
1015,92,32,4,2152719.71,cancelled,2025-07-03,2152719.71,2324937.29
