id,client_id,produit_id,quantité,total_eur,status,date_commande
1,104,19,5.0,781661.0296852043,completed,2025-12-05
2,179,3,2.0,1071239.5715404833,completed,2025-11-02
3,58,28,3.0,25009.403685975783,completed,2025-09-25
4,24,34,3.0,2740819.3796896664,completed,2025-12-13
5,7,25,3.0,1232112.2279234228,completed,2025-08-29
6,179,35,2.0,2331483.042039201,pending,2025-08-24
7,63,5,1.0,1186135.4367159707,completed,2025-09-13
8,105,8,3.0,1106868.8980324594,cancelled,2025-07-15
9,175,9,3.0,1328964.627708019,completed,2025-08-20
10,170,27,5.0,145052.80212466934,completed,2025-12-05
11,4,6,4.0,282036.12874513154,completed,2025-11-05
12,146,41,3.0,1656886.6687505068,completed,2025-11-29
13,41,10,4.0,650677.6612619718,pending,2025-11-29
14,2,42,5.0,1287550.5836301332,completed,2025-09-08
15,65,16,3.0,2024723.7299401455,completed,2025-09-07
16,6,25,4.0,1855589.534696786,cancelled,2025-10-27
17,13,26,5.0,2277738.1646961025,pending,2025-08-31
18,50,27,3.0,2550895.4372773715,cancelled,2025-08-18
19,69,19,3.0,1286013.4125197092,completed,2025-09-22
20,36,31,2.0,545671.0805330497,completed,2025-08-01
21,102,12,3.0,2970303.0640753675,cancelled,2025-10-29
22,110,26,1.0,736638.3841963349,completed,2025-08-05
23,143,23,1.0,1411699.555159092,completed,2025-11-26
24,87,8,1.0,25400.73480528904,completed,2025-09-04
25,104,36,2.0,127019.26589146255,completed,2025-09-22
26,163,10,4.0,1631483.894208121,completed,2025-10-23
27,104,22,5.0,1781959.9384944462,completed,2025-11-24
28,196,3,4.0,32966.59232624868,completed,2025-09-10
29,148,13,3.0,2214084.5523994407,completed,2025-11-02
30,71,10,3.0,402764.6538450423,pending,2025-09-24
31,159,16,2.0,2351939.309822836,completed,2025-07-30
32,12,12,3.0,1400119.0695785228,completed,2025-10-12
33,162,1,5.0,200177.77299522064,completed,2025-07-13
34,178,2,1.0,1592642.9464350336,completed,2025-11-03
35,165,30,2.0,2171365.024343095,completed,2025-10-24
36,46,30,5.0,132109.54289808715,refunded,2025-08-15
37,55,45,4.0,2670256.3974989722,completed,2025-08-11
38,56,26,1.0,1824791.5490223723,completed,2025-07-25
39,42,10,3.0,1761558.535042831,completed,2025-07-25
40,59,47,2.0,2895855.763525668,pending,2025-12-07
41,108,18,2.0,1427577.62368117,completed,2025-07-27
42,67,6,1.0,1710309.8057135446,cancelled,2025-07-04
43,71,2,5.0,700385.0782058358,cancelled,2025-09-09
44,27,42,4.0,421854.8335525742,completed,2025-10-01
45,23,35,4.0,1608199.8269143766,completed,2025-10-20
46,192,47,3.0,2445639.183646954,cancelled,2025-09-17
47,159,4,1.0,1654993.61625952,completed,2025-07-12
48,129,21,5.0,1048744.3449373664,completed,2025-07-25
49,162,23,1.0,1689108.7006335463,cancelled,2025-10-07
50,122,28,,2436788.55664803,completed,2025-08-07
51,38,15,1.0,811683.4503772112,completed,2025-08-06
52,173,7,1.0,885888.2599735139,completed,2025-08-16
53,142,1,5.0,736799.4683073715,cancelled,2025-07-07
54,80,37,5.0,2018253.5792848528,cancelled,2025-10-09
55,46,36,5.0,1734934.8088799492,completed,2025-09-23
56,39,38,4.0,302989.68049570505,cancelled,2025-11-01
57,20,19,1.0,1362821.8881112463,completed,2025-08-26
58,109,37,2.0,1054383.8861493457,completed,2025-07-15
59,36,1,1.0,2530999.2646554057,refunded,2025-07-29
60,63,41,4.0,2963353.1491854643,completed,2025-10-22
61,68,48,1.0,1190926.488019913,completed,2025-07-16
62,63,22,5.0,303216.3619225475,completed,2025-12-09
63,194,48,1.0,1931505.6422608541,completed,2025-08-10
64,143,41,3.0,2161852.487441421,completed,2025-07-10
65,98,29,1.0,1615292.7737100185,pending,2025-08-24
66,5,47,2.0,566482.0453453765,pending,2025-07-19
67,96,20,4.0,2516582.895163712,completed,2025-12-18
68,82,20,2.0,1481695.5906371193,pending,2025-10-01
69,153,41,1.0,1542759.9860486174,completed,2025-09-19
70,36,10,1.0,1816507.7484748438,cancelled,2025-08-09
71,133,24,1.0,101420.59548613353,completed,2025-07-12
72,62,20,2.0,1513419.0260670579,cancelled,2025-07-29
73,51,37,5.0,2679044.749159364,completed,2025-11-05
74,30,32,5.0,946227.451919617,completed,2025-08-12
75,183,33,3.0,2553603.5230451636,cancelled,2025-09-21
76,88,30,3.0,271745.6490116891,pending,2025-08-24
77,193,19,2.0,1696528.2410852506,completed,2025-09-10
78,112,43,3.0,2411634.8833463867,completed,2025-09-29
79,41,5,2.0,1027805.0708582199,completed,2025-10-23
80,93,4,1.0,1109043.7692826653,completed,2025-07-07
81,16,48,3.0,2292541.555681531,completed,2025-09-09
82,120,35,2.0,1259624.3754298943,completed,2025-09-11
83,178,31,5.0,144627.86774116964,completed,2025-10-03
84,190,41,5.0,2035836.8229548703,completed,2025-08-12
85,122,37,4.0,2849342.172922247,completed,2025-12-13
86,119,32,4.0,63126.418289857036,completed,2025-07-05
87,80,10,1.0,2941317.4807064603,completed,2025-10-23
88,38,46,2.0,159494.93326170353,completed,2025-07-09
89,89,9,4.0,1900548.2988519107,completed,2025-12-08
90,16,24,1.0,2705096.5467404025,completed,2025-10-03
91,2,20,5.0,1525887.1888748324,completed,2025-09-13
92,171,28,1.0,926533.1378718984,pending,2025-12-22
93,125,30,1.0,2492692.583570131,completed,2025-10-06
94,170,39,2.0,160784.85145077785,completed,2025-12-15
95,128,49,1.0,2308769.1980145457,completed,2025-07-03
96,53,47,5.0,1834662.9964528028,pending,2025-11-28
97,126,21,3.0,2602302.7535981955,completed,2025-09-21
98,92,44,2.0,2042890.2491816727,cancelled,2025-10-07
99,128,12,4.0,787485.3685154057,completed,2025-12-16
100,118,26,,164646.95727250955,refunded,2025-09-09
101,115,45,2.0,2197420.341157106,cancelled,2025-08-30
102,82,20,5.0,2790138.4439003905,pending,2025-07-17
103,153,20,2.0,998249.0392421695,completed,2025-12-20
104,160,25,3.0,2622542.105908789,completed,2025-11-11
105,179,2,5.0,2544527.5887552192,pending,2025-10-17
106,148,36,2.0,1695300.597681669,pending,2025-08-08
107,50,35,2.0,2745069.7657606876,pending,2025-12-21
108,159,3,1.0,2589862.3596463413,completed,2025-11-23
109,76,4,1.0,1218212.1932843616,completed,2025-10-31
110,51,17,1.0,165236.94481706552,completed,2025-07-17
111,63,18,1.0,2543202.0366429533,completed,2025-09-14
112,11,50,1.0,1201063.4333179495,completed,2025-08-13
113,29,20,3.0,861221.5415229124,completed,2025-09-18
114,34,29,2.0,274731.74837024725,completed,2025-09-14
115,104,19,4.0,711448.4656652944,completed,2025-11-26
116,75,19,3.0,523578.19781191106,completed,2025-09-05
117,106,18,2.0,283327.20095602894,completed,2025-08-26
118,165,11,1.0,172518.77182304178,completed,2025-10-14
119,124,15,4.0,2598563.9592124913,completed,2025-10-06
120,198,30,2.0,2568920.0312776854,completed,2025-11-12
121,94,44,5.0,477385.3817846355,cancelled,2025-08-10
122,27,42,3.0,1946124.544251824,completed,2025-11-14
123,105,48,4.0,493514.32348440064,completed,2025-12-22
124,20,29,5.0,625604.5115081352,completed,2025-07-06
125,30,4,3.0,2660448.2917256854,completed,2025-11-29
126,26,8,5.0,2121407.918225286,refunded,2025-09-12
127,153,1,2.0,1095798.582692268,completed,2025-08-15
128,46,6,2.0,2273527.5721101887,refunded,2025-08-15
129,144,36,1.0,961992.8139506609,completed,2025-11-09
130,181,20,2.0,2435191.5345508135,completed,2025-08-05
131,176,1,3.0,430616.0028630283,completed,2025-10-30
132,150,26,4.0,2515588.414044395,completed,2025-07-23
133,19,4,1.0,1543684.172270258,cancelled,2025-07-16
134,186,45,5.0,2676533.4160917583,completed,2025-10-07
135,113,21,5.0,2249548.1416562437,completed,2025-07-21
136,101,37,1.0,1513101.3646548032,completed,2025-12-10
137,175,41,5.0,2737548.3482057545,completed,2025-09-04
138,47,6,2.0,780355.4605931888,completed,2025-09-26
139,18,20,3.0,1219303.5269285922,cancelled,2025-07-27
140,79,17,2.0,2836587.369040735,completed,2025-07-05
141,51,8,3.0,420919.06513074966,pending,2025-11-16
142,58,13,5.0,1548776.2733197543,cancelled,2025-10-12
143,5,50,2.0,1437009.7253551614,completed,2025-09-10
144,27,46,2.0,288588.8100488181,completed,2025-08-13
145,142,2,1.0,2527540.093801065,completed,2025-07-09
146,51,35,2.0,362003.969252364,completed,2025-11-14
147,90,10,3.0,2504739.998636611,completed,2025-07-07
148,175,17,3.0,2486486.3855669335,completed,2025-10-22
149,15,8,5.0,2094160.3609460895,pending,2025-12-17
150,182,1,,2585203.390334851,cancelled,2025-07-27
151,25,26,4.0,2064960.9405861737,completed,2025-11-09
152,180,40,1.0,172678.387216074,completed,2025-12-26
153,135,8,1.0,432622.6543197571,pending,2025-09-26
154,75,5,5.0,1698946.3869321833,completed,2025-10-04
155,94,27,4.0,1771492.5864168007,completed,2025-11-05
156,197,1,3.0,1954416.2732339785,completed,2025-11-08
157,187,36,1.0,249657.4698070652,completed,2025-08-25
158,162,37,3.0,2801463.8226296254,completed,2025-08-27
159,110,33,5.0,2061385.4849944357,completed,2025-07-30
160,117,25,5.0,1814369.7384212555,completed,2025-07-08
161,28,3,1.0,2993159.7444052803,pending,2025-09-16
162,50,37,3.0,1840650.2282397677,completed,2025-09-07
163,167,44,4.0,1764090.9134737654,completed,2025-08-07
164,77,23,4.0,1804562.0574064876,cancelled,2025-12-29
165,58,46,4.0,2564895.187724623,completed,2025-09-18
166,54,2,3.0,2186636.1486181235,completed,2025-07-08
167,108,18,5.0,1307999.6095508067,refunded,2025-11-29
168,52,1,4.0,2097445.287295159,completed,2025-08-24
169,126,15,2.0,1477680.9735621938,completed,2025-07-30
170,186,40,4.0,2617551.7933755172,completed,2025-07-31
171,199,12,1.0,1253263.3494799726,pending,2025-12-16
172,8,23,3.0,943804.1627578816,completed,2025-11-09
173,109,10,1.0,862406.8043134412,pending,2025-10-26
174,173,14,3.0,2924676.7342257807,pending,2025-12-27
175,43,33,2.0,1706474.2391585023,completed,2025-10-24
176,35,37,4.0,656788.6903589168,completed,2025-12-07
177,166,15,5.0,2879306.890117412,refunded,2025-10-03
178,130,49,4.0,839206.8002966632,completed,2025-10-22
179,107,49,1.0,1162756.029965859,cancelled,2025-08-12
180,41,42,2.0,1714282.1537497782,pending,2025-10-30
181,181,42,3.0,1150563.2549628697,completed,2025-08-11
182,21,25,4.0,787118.6988365245,completed,2025-07-14
183,120,10,4.0,1018997.5052088903,completed,2025-12-21
184,59,20,5.0,2734247.5463102907,completed,2025-08-28
185,91,1,1.0,1426789.7256579078,pending,2025-12-10
186,106,46,1.0,85207.60873081608,completed,2025-08-02
187,20,31,4.0,1371857.4733765097,completed,2025-09-29
188,45,44,2.0,812693.4161855853,completed,2025-11-03
189,112,11,1.0,2683390.086662645,completed,2025-12-30
190,160,50,3.0,952672.7734197819,completed,2025-07-03
191,2,48,2.0,2761316.3429734954,pending,2025-12-14
192,140,4,2.0,1089159.3728853283,completed,2025-08-07
193,138,47,1.0,2334092.4647860406,completed,2025-07-06
194,184,21,2.0,2967380.5517174467,completed,2025-09-09
195,173,18,4.0,236561.0516653439,completed,2025-07-17
196,32,31,1.0,739008.290128802,completed,2025-10-19
197,187,20,4.0,716410.4773755658,completed,2025-08-26
198,169,7,4.0,472651.56726525,completed,2025-09-17
199,53,33,4.0,1541395.5849421057,completed,2025-09-06
200,77,7,,1122798.0855745794,completed,2025-11-13
201,27,38,4.0,2091179.5485198784,completed,2025-11-19
202,97,36,3.0,840965.6367506821,completed,2025-07-12
203,99,31,3.0,2291484.13889415,completed,2025-07-29
204,111,6,4.0,1846170.9943143572,completed,2025-11-05
205,162,18,5.0,584441.1216273272,completed,2025-10-18
206,178,22,2.0,2935344.0819707913,completed,2025-12-29
207,7,23,2.0,2871159.960213048,pending,2025-07-31
208,63,11,5.0,193636.21307576998,cancelled,2025-11-06
209,110,6,3.0,856956.9761209197,completed,2025-07-06
210,180,18,2.0,1169957.5349013777,refunded,2025-08-30
211,40,5,2.0,1308750.8325925397,completed,2025-11-20
212,159,50,4.0,1181979.9002899262,completed,2025-07-06
213,31,9,3.0,1856371.25836415,completed,2025-10-27
214,59,24,4.0,1926196.914090406,completed,2025-08-31
215,172,27,1.0,1374055.8609111144,completed,2025-12-20
216,30,45,4.0,329620.4558046895,completed,2025-08-01
217,32,11,2.0,1375338.1220936442,completed,2025-10-22
218,11,42,2.0,1515753.9981627674,completed,2025-08-07
219,99,15,2.0,1736683.4341233997,completed,2025-10-19
220,143,28,2.0,2251444.40276594,completed,2025-09-27
221,144,2,4.0,2596669.733976439,completed,2025-11-20
222,144,41,4.0,1668570.134960082,completed,2025-10-01
223,129,20,3.0,2378660.801087397,completed,2025-07-23
224,16,28,1.0,1377810.6936445842,completed,2025-10-02
225,137,20,2.0,627464.3119483838,completed,2025-09-16
226,25,9,5.0,356429.3613798438,completed,2025-08-10
227,60,3,3.0,2778796.6707661306,completed,2025-10-02
228,184,49,1.0,196480.33904002706,completed,2025-10-03
229,76,5,1.0,15802.099688833201,cancelled,2025-10-05
230,167,50,5.0,2206507.9210807607,completed,2025-08-12
231,119,43,2.0,1912006.7194620552,completed,2025-07-17
232,86,33,1.0,887751.7696727411,completed,2025-07-01
233,89,4,1.0,1299598.5115861981,completed,2025-08-12
234,43,2,1.0,1961845.93510631,completed,2025-08-26
235,63,7,5.0,1807848.9133186662,completed,2025-11-21
236,118,3,5.0,2368222.135324734,completed,2025-09-14
237,101,49,5.0,6334.90620572437,completed,2025-07-19
238,111,24,5.0,1422154.5538093639,completed,2025-08-05
239,129,19,4.0,686556.0210187151,refunded,2025-11-24
240,160,23,4.0,558175.2473116107,completed,2025-09-10
241,87,9,2.0,1446770.0043752177,completed,2025-10-25
242,112,45,5.0,821704.8759539129,completed,2025-07-27
243,23,28,3.0,352387.367649607,completed,2025-10-06
244,121,49,5.0,519295.748614292,completed,2025-08-20
245,51,49,5.0,2394877.8817228973,cancelled,2025-07-20
246,167,44,2.0,2883576.524080389,pending,2025-08-10
247,170,24,2.0,1089038.3704127672,completed,2025-08-04
248,141,39,4.0,1869096.4899810369,completed,2025-12-28
249,199,44,3.0,1898416.1500701585,completed,2025-08-13
250,51,43,,583703.2210382893,cancelled,2025-08-03
251,70,31,4.0,2454824.3201320395,refunded,2025-09-22
252,50,49,3.0,1460483.1129547711,completed,2025-09-26
253,39,14,5.0,1651233.360270981,pending,2025-11-20
254,65,9,5.0,977044.8486546387,completed,2025-07-21
255,77,35,1.0,2778131.5765863894,completed,2025-07-14
256,158,7,1.0,1775695.2408864093,completed,2025-09-14
257,156,5,2.0,2182041.176883845,completed,2025-11-17
258,75,47,3.0,2203247.5376957394,completed,2025-12-27
259,170,10,3.0,1429720.658099713,completed,2025-12-09
260,138,10,3.0,698029.0304504158,completed,2025-11-14
261,52,29,5.0,2891494.6880013333,pending,2025-09-12
262,180,21,2.0,223715.12687486218,completed,2025-10-04
263,56,32,2.0,2062106.0937777727,refunded,2025-08-06
264,131,18,5.0,1507904.0272817584,pending,2025-12-05
265,20,26,1.0,2782058.464464156,completed,2025-11-14
266,86,42,3.0,388206.2037636574,pending,2025-08-09
267,8,23,3.0,2912458.99729534,completed,2025-09-17
268,12,39,5.0,2754715.4194681356,completed,2025-07-11
269,156,11,5.0,2093863.8997605133,completed,2025-10-23
270,118,45,1.0,1377273.111102152,completed,2025-12-19
271,66,28,1.0,1378276.1564160427,completed,2025-12-12
272,68,39,2.0,786571.5352399474,pending,2025-10-20
273,19,40,3.0,651829.6073726324,cancelled,2025-12-10
274,155,11,4.0,2594976.123859701,completed,2025-08-31
275,27,23,1.0,1302107.115503859,completed,2025-09-22
276,182,33,2.0,1768835.3830888744,refunded,2025-10-06
277,152,12,5.0,1585215.0547207166,completed,2025-08-26
278,78,8,2.0,2654838.864574226,completed,2025-10-11
279,6,15,2.0,2968330.9450240643,completed,2025-07-15
280,114,31,4.0,2920356.36563648,completed,2025-08-09
281,83,47,1.0,1093963.3413536146,pending,2025-08-26
282,75,20,5.0,1185250.4848083772,pending,2025-08-07
283,74,40,4.0,523849.50239015045,completed,2025-07-25
284,30,4,5.0,773347.4532918128,completed,2025-08-07
285,13,37,5.0,2256137.7202055794,completed,2025-09-18
286,129,6,2.0,2575182.924679957,pending,2025-08-29
287,167,16,1.0,1155979.8739107188,completed,2025-10-29
288,125,4,4.0,650996.672222374,completed,2025-07-20
289,195,28,2.0,2219018.1702849767,completed,2025-09-07
290,36,8,3.0,721705.6962060668,cancelled,2025-11-24
291,149,35,1.0,332151.27427288383,completed,2025-09-28
292,192,17,1.0,483073.669044264,completed,2025-12-06
293,30,22,2.0,1343645.9773624155,completed,2025-12-22
294,195,7,2.0,529558.6143836798,completed,2025-07-24
295,175,43,5.0,1981580.4390733603,completed,2025-11-28
296,168,10,3.0,2818552.0177949476,completed,2025-08-05
297,24,36,4.0,1013027.5669772387,refunded,2025-11-16
298,104,25,1.0,1242634.003852505,completed,2025-11-19
299,178,49,5.0,1254490.459642514,completed,2025-09-06
300,82,14,,181390.34321663002,cancelled,2025-10-13
301,129,7,2.0,940343.2049386601,completed,2025-08-02
302,200,50,1.0,2515616.916360504,completed,2025-07-11
303,200,2,4.0,98669.80538856026,completed,2025-12-25
304,13,13,2.0,2169325.3951031673,completed,2025-09-01
305,32,1,2.0,2689944.2920122,pending,2025-09-27
306,197,7,4.0,1249044.7533398487,completed,2025-09-30
307,69,28,5.0,2420898.969885343,completed,2025-09-24
308,22,28,3.0,2845172.293938639,completed,2025-08-21
309,53,42,3.0,1307940.4719153685,completed,2025-09-22
310,153,50,5.0,426123.9353261134,completed,2025-12-09
311,23,39,1.0,1506819.6250613928,completed,2025-11-05
312,6,8,4.0,2789911.9511882174,completed,2025-07-26
313,151,14,3.0,2933976.3973137047,refunded,2025-08-31
314,105,44,3.0,2056379.429527091,completed,2025-12-02
315,75,36,3.0,1456776.7320309684,completed,2025-09-10
316,193,1,1.0,429807.7314614504,completed,2025-07-22
317,127,42,4.0,2628630.961284991,completed,2025-07-10
318,84,27,3.0,987673.0036642792,pending,2025-12-15
319,6,1,5.0,2327333.103025487,pending,2025-08-27
320,9,31,4.0,2459138.195315929,cancelled,2025-08-14
321,146,16,3.0,2036592.4877368743,completed,2025-10-18
322,1,15,3.0,978754.3018210934,completed,2025-08-21
323,178,8,2.0,2841751.4107430726,completed,2025-11-01
324,1,43,5.0,783663.5112133198,completed,2025-10-27
325,39,18,4.0,922915.6162222882,completed,2025-07-19
326,147,50,4.0,2646078.628386445,pending,2025-10-28
327,47,41,2.0,2811194.862323017,completed,2025-08-21
328,94,19,5.0,973778.8949697402,completed,2025-09-18
329,115,6,3.0,488648.25858328585,completed,2025-11-18
330,107,2,5.0,1391795.3703969026,completed,2025-08-14
331,194,44,3.0,2180812.317761771,refunded,2025-08-24
332,101,47,4.0,2707241.086802997,pending,2025-07-16
333,15,47,1.0,840464.263255136,completed,2025-11-07
334,50,34,1.0,1176691.0307353796,completed,2025-09-29
335,63,5,1.0,778617.0648391603,completed,2025-07-18
336,75,12,2.0,250754.7995103218,completed,2025-12-19
337,17,41,5.0,462221.5787339205,completed,2025-08-14
338,175,39,5.0,2215231.897902451,cancelled,2025-12-06
339,53,35,5.0,2237011.544022398,pending,2025-10-31
340,4,20,4.0,2063642.8971674007,completed,2025-12-30
341,122,33,3.0,1790071.9118266925,pending,2025-09-15
342,86,40,5.0,2317886.7681594854,completed,2025-07-05
343,24,41,2.0,2384366.1031460552,completed,2025-12-05
344,61,16,1.0,2001612.7711096008,pending,2025-11-26
345,73,40,2.0,284067.3990276081,pending,2025-10-20
346,106,29,4.0,2897919.3841511724,completed,2025-10-25
347,189,28,4.0,1862245.402103746,completed,2025-08-29
348,110,36,4.0,2731960.108910861,pending,2025-12-21
349,143,26,3.0,1929962.0748217076,completed,2025-09-14
350,27,36,,1692699.4112332046,completed,2025-10-25
351,184,18,3.0,749999.2727066044,completed,2025-11-02
352,147,19,3.0,1735682.7496347295,pending,2025-11-22
353,49,24,3.0,1487285.020342049,cancelled,2025-11-26
354,149,11,4.0,2712075.262203144,completed,2025-08-02
355,19,32,2.0,1521846.9482189848,completed,2025-10-23
356,188,48,1.0,1475885.525051138,completed,2025-11-22
357,152,38,4.0,2540951.208589567,completed,2025-08-16
358,28,23,1.0,2897946.0796679077,completed,2025-09-29
359,125,21,2.0,1809101.9010081885,completed,2025-10-17
360,21,9,4.0,35332.88652475782,completed,2025-10-11
361,117,2,5.0,1227902.7977499492,pending,2025-10-04
362,56,9,2.0,713376.3058102264,cancelled,2025-10-07
363,27,28,3.0,1579537.969253308,pending,2025-07-09
364,117,47,3.0,1667654.2906153072,completed,2025-10-12
365,65,50,4.0,1030277.6489700221,completed,2025-07-02
366,200,7,5.0,2960166.896607215,pending,2025-08-29
367,109,9,3.0,1020583.6795345701,pending,2025-09-04
368,47,31,2.0,1317174.8982805097,completed,2025-12-06
369,198,17,2.0,448290.6370904394,pending,2025-09-13
370,58,8,2.0,2866216.8571521146,completed,2025-10-19
371,69,7,1.0,810959.6552766915,completed,2025-10-01
372,1,21,1.0,155226.57608248005,completed,2025-12-27
373,89,34,1.0,2635799.5202255547,pending,2025-11-19
374,66,39,2.0,1160124.459548686,completed,2025-12-10
375,60,44,3.0,641364.9737802533,completed,2025-08-12
376,48,7,4.0,2192692.4446806256,completed,2025-07-27
377,31,28,3.0,387697.2947268026,completed,2025-11-04
378,145,3,4.0,1669633.2630588799,cancelled,2025-08-05
379,102,3,2.0,1892427.5968920363,completed,2025-09-17
380,50,31,5.0,450572.2981242551,completed,2025-11-04
381,67,14,5.0,1211657.1565829685,completed,2025-11-24
382,197,43,4.0,2171973.623884463,completed,2025-07-04
383,135,44,3.0,2603983.666220414,cancelled,2025-11-12
384,89,19,5.0,1770765.3662778116,completed,2025-10-30
385,29,2,5.0,1579693.7869828462,completed,2025-11-09
386,183,10,1.0,1822485.4738741233,completed,2025-09-13
387,168,34,2.0,686473.9084931709,completed,2025-10-14
388,129,50,5.0,1643874.6928925796,completed,2025-09-10
389,192,31,5.0,2059583.2684105416,completed,2025-11-20
390,67,45,2.0,926086.081124303,completed,2025-10-23
391,49,21,4.0,1647730.7096747314,pending,2025-11-15
392,26,5,4.0,1662631.9682336878,completed,2025-10-16
393,136,48,5.0,51277.29153442085,completed,2025-10-29
394,174,15,3.0,474483.14860932727,completed,2025-09-20
395,141,16,1.0,2248260.7991997544,completed,2025-07-08
396,132,14,2.0,2006695.7935928637,completed,2025-08-22
397,24,5,2.0,586505.4742308834,completed,2025-08-28
398,27,19,3.0,1313261.73691869,pending,2025-11-12
399,129,32,2.0,1219024.2287749487,completed,2025-07-06
400,179,8,,2859970.9974302715,completed,2025-09-01
401,114,15,2.0,2028905.7014636125,completed,2025-12-19
402,114,37,1.0,2657507.430187837,completed,2025-07-31
403,12,33,4.0,34367.029663044435,completed,2025-12-08
404,100,49,2.0,1708038.5446849102,cancelled,2025-11-08
405,30,40,3.0,2971554.943400321,completed,2025-12-19
406,187,11,5.0,2522930.7969585103,completed,2025-11-24
407,129,45,5.0,878300.5345270941,completed,2025-10-11
408,45,2,2.0,591414.9287027969,completed,2025-10-22
409,162,44,2.0,2262187.9336646977,completed,2025-08-18
410,193,41,3.0,2605380.5204623123,completed,2025-07-29
411,34,13,2.0,1936082.6115290178,completed,2025-09-10
412,79,48,2.0,722285.7583809772,completed,2025-09-11
413,150,35,3.0,1514934.8310132688,completed,2025-07-20
414,39,6,5.0,2519932.0678642183,completed,2025-09-02
415,156,8,2.0,2368240.83513588,completed,2025-12-26
416,194,31,4.0,205942.58596838027,completed,2025-09-20
417,32,33,5.0,2529812.7347484403,completed,2025-10-28
418,96,45,3.0,1899840.833740152,completed,2025-08-04
419,96,47,2.0,1004578.5604258295,completed,2025-08-09
420,180,5,4.0,142516.01916250805,pending,2025-12-10
421,106,22,2.0,2093734.0558645255,pending,2025-09-10
422,143,1,5.0,2041428.6322389832,cancelled,2025-11-12
423,158,14,4.0,142430.2046047836,completed,2025-09-02
424,66,16,2.0,2126048.252645662,completed,2025-11-15
425,16,25,2.0,116314.74694078858,cancelled,2025-09-16
426,40,41,4.0,703377.9774623638,completed,2025-08-30
427,43,47,1.0,963064.2080094091,cancelled,2025-12-23
428,38,12,1.0,2138545.8419867884,completed,2025-12-26
429,92,10,1.0,204800.6402908702,completed,2025-09-06
430,200,47,3.0,1735059.228720361,pending,2025-07-02
431,86,12,2.0,1473676.289059953,completed,2025-12-05
432,38,5,3.0,1355351.5622321519,completed,2025-09-23
433,67,21,1.0,930715.306950606,completed,2025-11-17
434,39,50,2.0,2145077.9485094235,completed,2025-09-27
435,189,25,3.0,2470097.5357954465,cancelled,2025-09-11
436,26,33,3.0,1247408.2042875239,pending,2025-09-08
437,25,29,1.0,1861540.7451079595,completed,2025-07-05
438,167,44,3.0,2146158.345971243,completed,2025-08-09
439,126,39,2.0,2350230.1095373733,completed,2025-09-07
440,167,25,4.0,759731.126315462,completed,2025-09-09
441,170,11,5.0,1880435.7295441953,cancelled,2025-10-21
442,29,21,5.0,1555208.5882155208,completed,2025-11-14
443,18,34,3.0,918852.7699657656,completed,2025-12-02
444,119,11,4.0,468704.5419033611,pending,2025-08-08
445,167,40,3.0,2063495.911522416,completed,2025-08-12
446,65,42,2.0,2958845.325011246,pending,2025-12-07
447,32,11,4.0,1066878.2196895746,completed,2025-10-29
448,85,49,5.0,277623.07535384013,pending,2025-10-15
449,140,35,5.0,1013294.18485837,completed,2025-10-07
450,166,30,,248474.51733013053,completed,2025-07-05
451,164,15,4.0,1373232.338674932,completed,2025-11-24
452,127,26,4.0,2449068.8781538294,completed,2025-11-29
453,13,26,1.0,1195396.8206325101,completed,2025-08-31
454,79,12,3.0,2403877.5484448723,completed,2025-07-11
455,193,15,1.0,1258730.1210124905,completed,2025-11-02
456,57,22,5.0,352725.3519697312,completed,2025-08-11
457,134,14,5.0,76713.03141373144,pending,2025-09-01
458,32,33,5.0,539896.0881551799,cancelled,2025-11-08
459,30,1,2.0,2610051.106792736,completed,2025-10-29
460,43,43,2.0,867695.3691228643,completed,2025-07-26
461,132,27,5.0,330689.6702755504,completed,2025-07-09
462,63,49,1.0,1702129.290846519,cancelled,2025-10-17
463,143,23,4.0,2430276.149036868,completed,2025-07-10
464,68,12,2.0,698379.4330966338,completed,2025-12-21
465,155,38,4.0,2218302.937932277,pending,2025-12-19
466,127,8,5.0,1115559.3075698146,completed,2025-07-12
467,187,32,3.0,236000.80053494027,completed,2025-11-07
468,33,49,2.0,2766877.913028522,completed,2025-07-15
469,188,37,2.0,2105.8887362080654,completed,2025-12-25
470,69,34,5.0,1674984.4032587125,pending,2025-08-23
471,20,47,4.0,2878653.0309777325,refunded,2025-07-10
472,60,4,3.0,389809.99774432095,completed,2025-11-05
473,39,35,2.0,2354934.216432986,cancelled,2025-07-21
474,104,44,1.0,2299052.9443261735,completed,2025-08-26
475,156,15,2.0,2120632.1426064135,completed,2025-08-13
476,7,6,5.0,1300745.287918134,pending,2025-10-09
477,143,44,5.0,1538828.0950631218,refunded,2025-08-13
478,41,31,2.0,2525127.7256234097,completed,2025-07-02
479,168,29,1.0,2597615.972488313,completed,2025-08-27
480,170,41,5.0,284596.01208011043,completed,2025-08-29
481,39,21,2.0,1633992.278668461,completed,2025-09-18
482,78,7,4.0,306713.8760013227,completed,2025-11-18
483,7,13,1.0,1089731.2086249823,pending,2025-08-12
484,40,40,4.0,115467.53498373623,completed,2025-09-24
485,183,4,2.0,2527398.4857621104,completed,2025-12-15
486,56,22,5.0,1017407.9916294892,pending,2025-08-29
487,104,19,3.0,2641767.7611714816,completed,2025-12-21
488,161,41,3.0,2715463.998320346,pending,2025-12-27
489,152,15,5.0,2670491.2233291534,completed,2025-07-16
490,145,17,1.0,2786080.9628418265,completed,2025-09-21
491,164,31,4.0,2728317.3550231187,completed,2025-11-08
492,83,45,3.0,2514825.439570261,completed,2025-08-09
493,187,37,2.0,1735371.9121416581,completed,2025-10-05
494,164,20,3.0,1853567.989084037,completed,2025-09-25
495,162,39,3.0,1612227.269559269,completed,2025-07-28
496,42,48,2.0,798020.5211174802,cancelled,2025-07-03
497,190,38,2.0,2549548.5940382443,completed,2025-11-03
498,57,16,4.0,2910672.620469684,completed,2025-12-13
499,133,48,5.0,289181.18832627864,completed,2025-11-24
500,3,3,,497644.6213534048,completed,2025-08-28
501,106,13,5.0,2568617.974197416,completed,2025-08-21
502,62,14,2.0,620878.4855347353,completed,2025-10-21
503,62,32,5.0,587839.6775347806,cancelled,2025-10-29
504,61,13,5.0,2073908.4297600086,refunded,2025-11-24
505,161,38,1.0,1711197.6620239513,completed,2025-10-26
506,31,24,1.0,1475963.614711904,refunded,2025-11-06
507,132,43,1.0,2484876.672013842,completed,2025-08-06
508,62,15,4.0,2125883.400831023,completed,2025-08-02
509,173,11,5.0,2829579.656191524,completed,2025-12-05
510,191,4,5.0,1322438.5982890173,completed,2025-08-08
511,7,9,5.0,2118470.3852049126,completed,2025-11-10
512,61,39,5.0,1772999.0097767299,pending,2025-09-22
513,125,42,4.0,485296.9402973143,cancelled,2025-10-03
514,78,1,2.0,2816287.2911076313,completed,2025-12-08
515,184,18,1.0,1988523.9832608036,completed,2025-12-29
516,19,2,2.0,495263.19065231644,completed,2025-08-07
517,34,27,2.0,2826753.3239302766,pending,2025-11-21
518,153,40,4.0,415319.2675457434,completed,2025-11-26
519,165,41,3.0,2578572.854495959,cancelled,2025-08-23
520,109,14,3.0,1672521.2037834504,completed,2025-09-02
521,158,19,3.0,2215026.5858423575,pending,2025-12-25
522,197,19,3.0,803682.5008699867,completed,2025-12-10
523,133,48,4.0,719713.9740497443,completed,2025-09-18
524,17,43,1.0,1290822.4257906647,completed,2025-09-26
525,112,25,5.0,1461235.886098989,completed,2025-11-09
526,86,17,4.0,2812185.09201663,completed,2025-07-06
527,122,35,1.0,1245186.8702758097,completed,2025-10-10
528,198,22,3.0,1179160.4642173033,completed,2025-08-27
529,101,39,2.0,2995117.2877436033,completed,2025-09-18
530,73,42,1.0,1604573.6058721812,completed,2025-10-15
531,67,38,2.0,1844313.9362401864,cancelled,2025-08-26
532,177,6,1.0,1211887.6549913948,completed,2025-09-14
533,5,10,4.0,349599.9402793609,completed,2025-08-05
534,157,2,3.0,1283958.339803356,completed,2025-09-28
535,94,25,4.0,2872947.305474323,completed,2025-10-01
536,9,16,4.0,2895578.7693709102,pending,2025-08-01
537,3,23,1.0,974163.5225794344,completed,2025-09-28
538,149,33,1.0,1967628.072480775,pending,2025-08-15
539,150,12,3.0,1686578.386444458,completed,2025-12-28
540,111,43,4.0,2355439.1433419893,pending,2025-08-19
541,87,28,5.0,2211646.6121687843,pending,2025-08-27
542,24,10,4.0,1818887.2855217194,pending,2025-12-02
543,63,43,1.0,2418824.5009525595,pending,2025-10-15
544,94,11,5.0,2728088.361025629,completed,2025-07-30
545,75,4,5.0,2520491.5721234297,completed,2025-11-14
546,46,33,5.0,809423.0848722173,cancelled,2025-08-27
547,52,29,2.0,2241377.1722712503,completed,2025-07-03
548,122,33,3.0,47023.188268932056,completed,2025-09-07
549,187,10,3.0,1550154.7242572093,pending,2025-10-08
550,22,29,,638309.3620813793,pending,2025-12-29
551,53,45,3.0,723325.1848641654,completed,2025-12-09
552,117,21,1.0,603057.9634807063,completed,2025-10-22
553,171,5,5.0,2506917.0509506194,completed,2025-09-28
554,164,50,2.0,1973957.9198505632,refunded,2025-08-27
555,153,29,3.0,965814.3898812422,completed,2025-12-17
556,33,30,5.0,2480141.8006573045,completed,2025-09-07
557,183,42,3.0,2716678.382273166,completed,2025-09-07
558,38,50,2.0,1709170.2117654767,completed,2025-08-16
559,9,43,3.0,1427273.2356037903,pending,2025-08-24
560,128,29,1.0,618962.2456164699,completed,2025-09-22
561,148,18,2.0,930901.0527628781,completed,2025-12-30
562,173,37,4.0,2129141.7575607663,completed,2025-12-26
563,11,22,5.0,202762.7791536925,refunded,2025-09-27
564,131,12,5.0,1580237.5948235532,completed,2025-09-06
565,186,18,3.0,272458.2015728155,completed,2025-10-29
566,92,40,2.0,1385505.802225442,completed,2025-08-18
567,135,50,3.0,1474668.3875069653,completed,2025-08-28
568,108,13,5.0,1516775.736113963,completed,2025-07-08
569,137,43,2.0,1802895.1240833334,completed,2025-07-07
570,126,46,4.0,1130090.2907759408,cancelled,2025-07-19
571,60,26,4.0,624206.3124483936,pending,2025-11-01
572,1,34,4.0,1672359.2674431016,completed,2025-08-03
573,45,5,2.0,2449451.8529571597,completed,2025-11-13
574,149,22,5.0,1164225.7925817575,completed,2025-07-11
575,94,32,4.0,1719851.9419253997,completed,2025-10-01
576,154,32,3.0,42738.70505203172,completed,2025-12-13
577,170,14,5.0,2064310.8788473897,completed,2025-08-19
578,186,36,2.0,261743.5375902477,completed,2025-11-07
579,126,35,5.0,368550.39068230183,completed,2025-11-04
580,138,13,1.0,492120.85248299036,completed,2025-10-26
581,8,15,1.0,1093621.2765336263,completed,2025-07-20
582,151,32,3.0,509932.7305561917,pending,2025-10-30
583,132,23,1.0,2313272.3741966304,pending,2025-11-11
584,54,31,4.0,1865416.6340282098,pending,2025-10-29
585,68,33,3.0,887204.659177646,refunded,2025-09-08
586,140,26,3.0,2954931.279795628,completed,2025-08-20
587,171,1,4.0,2453050.6051563243,refunded,2025-08-05
588,174,48,2.0,1080554.3503390874,completed,2025-10-05
589,51,49,5.0,813994.9863312775,completed,2025-09-13
590,169,16,4.0,1316480.6326614886,completed,2025-08-08
591,52,4,4.0,2992034.8190229814,pending,2025-11-15
592,103,43,2.0,2585203.3741417117,completed,2025-09-07
593,80,50,2.0,2075866.257634979,completed,2025-12-16
594,19,3,5.0,2169022.2233562334,pending,2025-07-16
595,95,47,1.0,491441.53026023606,pending,2025-12-25
596,127,31,3.0,110929.48462907871,completed,2025-08-14
597,79,31,5.0,185557.36490408436,completed,2025-10-18
598,150,30,3.0,2852456.547723369,completed,2025-09-04
599,108,15,2.0,1992147.1744283333,completed,2025-12-04
600,176,36,,630311.4027199686,completed,2025-11-01
601,16,23,1.0,2377750.0318026925,completed,2025-11-25
602,198,25,3.0,106521.65257624006,completed,2025-11-05
603,49,7,5.0,2829794.221471563,refunded,2025-09-27
604,14,5,4.0,2235727.09269419,completed,2025-12-07
605,38,9,5.0,295263.5296259664,completed,2025-10-18
606,26,15,2.0,2180910.491553965,completed,2025-10-25
607,161,12,1.0,2132220.684465053,completed,2025-09-21
608,47,14,2.0,456185.96959537565,pending,2025-10-11
609,44,17,3.0,1269288.7632726624,cancelled,2025-11-14
610,167,26,4.0,657848.1211108441,completed,2025-08-09
611,96,34,3.0,1337129.1751939605,completed,2025-11-04
612,82,16,2.0,1159639.0878222352,completed,2025-09-28
613,101,26,2.0,2366997.832910651,refunded,2025-07-01
614,106,3,3.0,2124431.0729638566,completed,2025-12-09
615,30,28,1.0,749394.5992351884,completed,2025-12-18
616,92,38,5.0,15134.12539613187,completed,2025-09-20
617,183,41,3.0,1128996.5355788635,pending,2025-11-23
618,88,26,5.0,2364982.960313261,completed,2025-08-13
619,79,38,5.0,414584.13574277714,pending,2025-08-23
620,43,8,2.0,1368873.0455885911,cancelled,2025-11-15
621,39,23,2.0,1892438.6587423442,completed,2025-11-15
622,62,49,1.0,2465478.4586978154,cancelled,2025-08-31
623,175,45,2.0,403989.52132086415,pending,2025-09-05
624,140,39,2.0,2596503.288318136,completed,2025-07-05
625,185,48,5.0,1978087.260190471,completed,2025-11-05
626,91,46,3.0,1362750.7067701381,completed,2025-07-06
627,75,8,3.0,192917.6725231167,completed,2025-10-07
628,182,46,3.0,1259172.2878219066,completed,2025-07-25
629,90,32,5.0,142390.725707921,completed,2025-12-13
630,84,21,1.0,1002988.1509290597,completed,2025-08-23
631,33,25,4.0,2703793.9178042626,completed,2025-12-24
632,6,8,5.0,1559343.2396248926,completed,2025-08-27
633,187,13,4.0,3907.1671664110645,completed,2025-07-23
634,73,41,1.0,1014602.7038814041,pending,2025-07-31
635,179,45,4.0,2600231.197571239,pending,2025-07-18
636,103,32,3.0,695875.4760682912,completed,2025-10-08
637,78,31,5.0,2823394.334126163,completed,2025-10-28
638,47,30,3.0,2046298.5372688535,completed,2025-08-17
639,38,40,1.0,1691687.770456918,completed,2025-10-09
640,192,4,5.0,1273640.1136759177,completed,2025-07-27
641,195,6,1.0,1152799.8298218213,completed,2025-07-16
642,59,29,1.0,25960.2639847417,completed,2025-08-23
643,52,41,4.0,1828388.3277758616,completed,2025-11-07
644,40,32,2.0,645742.7123472207,completed,2025-07-09
645,138,18,5.0,2197334.016679044,completed,2025-11-02
646,36,13,4.0,346950.8043865169,completed,2025-10-13
647,42,48,3.0,2170843.790353672,completed,2025-09-12
648,187,39,1.0,2243593.3358387826,completed,2025-07-31
649,2,4,4.0,1582715.2212447089,completed,2025-11-08
650,155,49,,1932306.6260792247,completed,2025-12-13
651,69,35,2.0,1870011.3598122643,completed,2025-09-15
652,131,18,4.0,2266717.217993025,refunded,2025-07-02
653,186,45,4.0,752897.714180457,cancelled,2025-10-26
654,111,34,4.0,1396351.6462732346,cancelled,2025-11-26
655,190,3,1.0,398691.5897294905,refunded,2025-12-19
656,181,41,3.0,1092706.9077119688,cancelled,2025-10-27
657,158,48,4.0,566324.6703854398,completed,2025-09-14
658,134,29,5.0,2529529.2620854625,completed,2025-10-17
659,23,36,3.0,1027105.2963475478,pending,2025-08-24
660,159,17,5.0,2295582.483864861,completed,2025-11-23
661,115,12,2.0,1669771.150098523,pending,2025-10-29
662,12,23,1.0,1910592.894870883,completed,2025-12-23
663,89,20,3.0,1533866.1559830513,completed,2025-10-29
664,76,30,4.0,1204983.6026316741,pending,2025-09-23
665,74,8,3.0,2873108.563291703,completed,2025-08-26
666,92,34,3.0,406440.06592551613,completed,2025-10-07
667,102,32,2.0,2299866.4241378903,completed,2025-08-22
668,166,14,3.0,30523.57845332754,completed,2025-07-12
669,158,11,2.0,77905.40410610811,cancelled,2025-08-21
670,7,24,3.0,1260209.155603325,completed,2025-09-05
671,9,44,4.0,2834529.142180619,completed,2025-08-18
672,165,33,3.0,568017.0137149452,completed,2025-11-21
673,178,45,2.0,795109.8127106208,completed,2025-08-03
674,8,39,1.0,1451342.27140815,completed,2025-09-25
675,18,6,5.0,1056193.6278134864,completed,2025-11-12
676,169,42,4.0,764352.6193082293,cancelled,2025-09-06
677,15,24,5.0,1743086.0885918345,completed,2025-12-07
678,80,25,4.0,715835.0038641206,cancelled,2025-10-07
679,173,10,2.0,1605346.6371904684,cancelled,2025-12-23
680,109,20,5.0,942490.7538828129,completed,2025-10-14
681,152,20,4.0,2246722.1326539726,pending,2025-10-11
682,176,19,1.0,680867.112611379,completed,2025-07-26
683,2,32,4.0,954340.2416009491,completed,2025-07-22
684,69,50,5.0,682127.7093688952,completed,2025-10-02
685,139,32,4.0,1730584.4928117336,completed,2025-07-11
686,103,11,4.0,2307478.663934126,cancelled,2025-09-25
687,50,25,3.0,2096103.651707559,completed,2025-12-24
688,99,46,3.0,2339945.4902038127,completed,2025-09-30
689,22,41,4.0,1191605.548123634,pending,2025-08-06
690,146,3,3.0,1916462.2376478624,completed,2025-11-06
691,101,33,3.0,997431.5492257458,completed,2025-09-21
692,117,39,2.0,1989906.9566339166,pending,2025-11-27
693,1,2,3.0,915747.1969887896,completed,2025-12-28
694,171,48,5.0,818736.8351546461,completed,2025-09-09
695,152,33,2.0,719226.5960886205,completed,2025-10-26
696,113,35,4.0,1197154.223522176,completed,2025-10-25
697,94,33,4.0,1608311.2678605234,pending,2025-10-25
698,123,34,4.0,1396566.6639116646,cancelled,2025-09-03
699,160,24,5.0,1901629.330667774,completed,2025-10-08
700,66,41,,302953.890198857,completed,2025-11-10
701,97,22,4.0,2496952.0281708394,completed,2025-11-20
702,72,42,4.0,34079.136793429585,completed,2025-07-05
703,147,40,4.0,11156.189902683998,pending,2025-09-06
704,4,28,5.0,864530.3755110151,pending,2025-08-12
705,147,38,4.0,764660.853734949,refunded,2025-11-29
706,196,47,5.0,1878657.3278016371,completed,2025-11-05
707,111,42,1.0,2455277.9710775623,completed,2025-09-29
708,169,16,1.0,862840.3482093754,completed,2025-09-23
709,27,40,3.0,1077890.6283576407,completed,2025-08-06
710,19,49,3.0,1393131.6360258674,completed,2025-10-26
711,196,12,5.0,266869.5121747732,completed,2025-12-12
712,163,49,2.0,137032.44822754763,completed,2025-11-29
713,134,48,3.0,539800.9729152453,cancelled,2025-10-01
714,73,39,1.0,172010.7297579847,completed,2025-08-10
715,13,48,3.0,1041767.0926610347,completed,2025-12-13
716,190,25,5.0,2947828.593028898,completed,2025-12-09
717,187,7,1.0,1786604.8729518738,pending,2025-12-17
718,185,4,5.0,1363490.3438303792,completed,2025-12-24
719,17,34,1.0,2792422.3585499125,pending,2025-07-14
720,125,46,4.0,2192566.274238556,completed,2025-09-21
721,68,10,5.0,1187928.5999504067,pending,2025-10-06
722,26,41,3.0,453439.7161575481,completed,2025-10-10
723,7,41,2.0,1382963.4598984881,pending,2025-11-29
724,199,8,3.0,2080913.4990411827,pending,2025-10-19
725,78,23,5.0,575038.1075984061,completed,2025-11-19
726,83,24,2.0,15630.32465628994,completed,2025-08-23
727,11,9,1.0,477889.4626254109,completed,2025-09-27
728,176,29,4.0,2478843.3023065655,completed,2025-11-25
729,199,38,1.0,2234857.502029483,completed,2025-10-01
730,114,42,2.0,713883.3881584189,completed,2025-10-31
731,101,11,3.0,138686.44194516505,completed,2025-08-28
732,62,4,4.0,2435788.614171101,completed,2025-12-22
733,140,16,1.0,2296764.802470603,completed,2025-11-02
734,125,37,4.0,1817509.6246657525,pending,2025-12-04
735,19,32,3.0,2151074.0939303855,completed,2025-09-01
736,20,43,1.0,1134681.5836514838,completed,2025-07-11
737,41,18,3.0,1105625.1567042402,cancelled,2025-10-31
738,194,18,4.0,185209.53122701772,completed,2025-09-15
739,108,43,4.0,816654.0775361947,pending,2025-12-26
740,193,43,1.0,1806979.6503641345,completed,2025-10-20
741,48,38,5.0,1049036.206835341,completed,2025-10-15
742,18,26,2.0,1156378.1165094709,completed,2025-11-28
743,148,14,4.0,2943456.3643960888,completed,2025-07-14
744,63,29,5.0,694126.3328977823,completed,2025-08-18
745,33,50,3.0,1520633.6388815404,pending,2025-08-19
746,50,10,1.0,2111405.124917332,completed,2025-08-14
747,53,44,3.0,1168971.2617288742,completed,2025-12-13
748,173,18,1.0,1567541.048604418,completed,2025-12-12
749,35,46,3.0,1988893.24301692,completed,2025-12-15
750,56,20,,315935.80960301077,completed,2025-07-11
751,121,6,2.0,1579360.5568577962,completed,2025-08-18
752,66,36,5.0,1290044.6490421707,completed,2025-08-22
753,17,47,1.0,1134731.2337469424,pending,2025-10-05
754,197,15,4.0,597342.4432053055,pending,2025-12-02
755,127,47,3.0,1330257.4530948086,pending,2025-09-26
756,81,39,3.0,2216545.430628397,cancelled,2025-09-17
757,53,34,1.0,1210592.3557885299,completed,2025-09-09
758,182,32,5.0,1645701.5093452355,completed,2025-11-28
759,120,6,4.0,16737.143945797194,completed,2025-08-30
760,50,44,2.0,681587.7922012364,pending,2025-08-27
761,148,3,4.0,1828717.5129291138,completed,2025-11-16
762,177,35,5.0,2901060.7318074014,cancelled,2025-08-23
763,65,13,3.0,2851889.1224686615,completed,2025-08-23
764,113,48,3.0,2302726.249637876,cancelled,2025-11-09
765,79,7,3.0,1498271.24969342,completed,2025-09-13
766,21,45,4.0,711361.4119336007,completed,2025-09-04
767,98,5,4.0,2640761.2446483634,pending,2025-07-04
768,31,41,5.0,2366306.0528164436,completed,2025-07-12
769,135,38,5.0,2897751.9973704936,cancelled,2025-10-24
770,99,41,4.0,1501728.3396945156,completed,2025-09-07
771,113,10,3.0,2086127.6835166512,refunded,2025-11-26
772,115,35,3.0,330231.5725758096,completed,2025-09-07
773,57,25,5.0,323556.85377344175,completed,2025-09-08
774,23,8,1.0,1310035.510337793,completed,2025-09-18
775,67,6,4.0,1575990.1807298423,completed,2025-07-04
776,156,45,3.0,1873650.766029358,completed,2025-10-06
777,139,11,3.0,536770.1433341302,completed,2025-07-19
778,46,16,1.0,551228.3437305347,completed,2025-10-04
779,149,11,5.0,1484793.1996377409,completed,2025-11-24
780,91,40,4.0,2009720.2433920286,completed,2025-12-19
781,187,1,1.0,1585541.0903251662,completed,2025-10-21
782,108,20,5.0,2212749.739367821,completed,2025-10-09
783,190,14,4.0,752658.9352517739,completed,2025-12-06
784,27,2,4.0,2701014.604086868,completed,2025-07-26
785,130,19,1.0,2813196.1176221594,cancelled,2025-12-05
786,10,12,1.0,956329.1680693207,cancelled,2025-12-04
787,26,43,2.0,2543096.019139146,completed,2025-12-19
788,6,30,2.0,2104041.63870893,cancelled,2025-11-11
789,93,41,2.0,1452329.3494472702,completed,2025-07-23
790,33,16,1.0,1253153.4610499295,cancelled,2025-11-19
791,57,10,5.0,1224314.526276259,completed,2025-09-13
792,68,25,2.0,327479.557919159,completed,2025-10-11
793,120,9,4.0,869399.0805078106,completed,2025-09-18
794,141,26,1.0,1490396.5581810896,pending,2025-09-17
795,195,44,5.0,2117658.9695646004,completed,2025-12-29
796,48,6,4.0,307415.6304826546,completed,2025-08-29
797,99,49,3.0,1417452.6108396328,cancelled,2025-09-15
798,112,9,5.0,457832.91148395004,completed,2025-12-08
799,21,29,3.0,1517661.6910126419,cancelled,2025-11-07
800,175,15,,1999775.815599531,pending,2025-09-25
801,159,25,4.0,790311.8792557738,completed,2025-08-10
802,189,7,3.0,1533179.7481310149,completed,2025-11-10
803,65,17,4.0,2843802.9111553594,completed,2025-10-06
804,199,29,1.0,185560.4108171474,completed,2025-11-11
805,46,8,1.0,740099.1719003486,completed,2025-07-26
806,9,37,5.0,930791.0076322656,completed,2025-12-09
807,71,28,4.0,2123731.1372729866,completed,2025-09-17
808,49,9,4.0,675141.3726476531,completed,2025-10-01
809,63,11,2.0,2558500.719857915,completed,2025-07-22
810,181,26,3.0,733978.509813556,completed,2025-07-27
811,162,8,3.0,2353468.3499611756,completed,2025-11-10
812,21,23,4.0,2844444.735748334,completed,2025-07-24
813,171,25,3.0,1052796.3397880415,completed,2025-09-23
814,17,8,4.0,320154.0339433287,completed,2025-12-18
815,14,2,1.0,555447.8535136157,completed,2025-11-05
816,194,46,2.0,917849.3158137627,refunded,2025-10-14
817,171,9,4.0,229662.98448102022,completed,2025-11-27
818,126,23,4.0,1939555.7422045686,pending,2025-09-22
819,139,17,3.0,1457623.4791951645,completed,2025-10-08
820,160,30,1.0,1658828.4171503372,completed,2025-12-24
821,86,46,1.0,1076834.760852028,completed,2025-12-19
822,65,27,1.0,2882332.7537613185,completed,2025-11-02
823,1,19,1.0,1440022.6635056383,completed,2025-11-12
824,200,50,5.0,1024979.8463463252,pending,2025-07-03
825,159,13,2.0,1623525.9820282806,pending,2025-10-03
826,45,3,4.0,852459.0246874411,completed,2025-10-17
827,24,39,3.0,335982.8807735222,completed,2025-12-22
828,49,40,2.0,1025111.0266286295,completed,2025-11-25
829,57,35,2.0,146031.82534028005,cancelled,2025-10-08
830,113,32,1.0,208292.32559976293,refunded,2025-07-29
831,144,40,5.0,551941.0319050052,completed,2025-07-24
832,41,30,4.0,2265657.1568438625,completed,2025-07-28
833,13,16,4.0,2956651.5842687637,completed,2025-10-03
834,59,42,2.0,18208.11934654873,completed,2025-09-02
835,64,39,4.0,994965.2239953974,cancelled,2025-07-23
836,195,46,5.0,1005909.994689717,completed,2025-08-04
837,4,17,2.0,516166.68916185066,completed,2025-09-20
838,44,25,5.0,245382.7148313048,completed,2025-08-13
839,74,24,3.0,52723.73098648164,completed,2025-11-26
840,133,43,4.0,2495252.6050124816,pending,2025-07-28
841,140,32,2.0,826002.9816957006,completed,2025-10-14
842,165,21,3.0,403959.41747153085,completed,2025-09-23
843,57,6,3.0,1405727.7738333773,refunded,2025-10-12
844,103,41,1.0,1132409.4925347567,completed,2025-09-08
845,112,16,3.0,2904862.18005081,cancelled,2025-09-18
846,103,31,1.0,2183910.7130174628,pending,2025-09-30
847,92,38,1.0,2121798.552119377,completed,2025-08-12
848,102,9,3.0,2223999.5123147434,completed,2025-09-16
849,179,40,1.0,138281.29098953572,pending,2025-09-05
850,21,1,,691233.1868872633,pending,2025-09-25
851,121,25,3.0,387055.5394038332,cancelled,2025-10-04
852,110,29,5.0,1963429.1052800012,pending,2025-10-17
853,27,42,5.0,2356201.876862284,completed,2025-08-21
854,91,22,5.0,2114134.7307630177,completed,2025-09-09
855,88,50,2.0,569897.5940813685,cancelled,2025-10-14
856,85,9,5.0,2686700.5375579144,completed,2025-12-26
857,26,28,2.0,588116.1360032752,completed,2025-12-01
858,126,14,3.0,468014.96044280514,completed,2025-07-23
859,83,8,5.0,572571.5637130068,completed,2025-12-06
860,184,24,2.0,2809512.130869144,pending,2025-09-09
861,200,9,2.0,2787054.0726419445,completed,2025-10-29
862,187,12,1.0,1515742.6526701064,completed,2025-12-15
863,17,47,1.0,1196977.0607601113,pending,2025-08-18
864,38,31,1.0,1753207.1865985459,pending,2025-07-24
865,29,49,1.0,1502631.4286279222,completed,2025-08-13
866,199,17,2.0,2598952.026085376,completed,2025-12-04
867,10,38,2.0,2275061.6793887657,completed,2025-08-06
868,167,50,3.0,1758507.66490198,cancelled,2025-08-10
869,147,13,1.0,2511687.1825783476,completed,2025-10-24
870,162,24,5.0,272416.5635277621,completed,2025-09-04
871,167,45,1.0,2183785.085293866,cancelled,2025-08-22
872,27,49,1.0,2643043.2662098818,completed,2025-12-04
873,195,47,3.0,2168539.1376739787,completed,2025-11-07
874,24,5,3.0,309717.26394004497,completed,2025-10-16
875,10,20,2.0,2339246.566116863,cancelled,2025-11-17
876,20,5,2.0,974337.067469029,pending,2025-10-05
877,102,22,3.0,2714038.7549699163,refunded,2025-10-08
878,161,18,4.0,979621.4851184384,completed,2025-12-22
879,171,50,2.0,347768.1119674816,completed,2025-12-15
880,115,34,1.0,2468370.7841503643,refunded,2025-12-02
881,93,26,5.0,1763660.1676563178,pending,2025-07-29
882,111,4,2.0,2947074.799624371,completed,2025-11-16
883,118,7,5.0,1769746.495756801,completed,2025-11-12
884,86,36,5.0,397877.88773141673,pending,2025-08-15
885,41,26,3.0,2174782.6973729534,cancelled,2025-10-22
886,42,41,2.0,2815497.239095582,completed,2025-11-13
887,167,9,3.0,802861.0234363877,completed,2025-09-14
888,51,43,2.0,2777257.536963094,pending,2025-09-10
889,42,2,2.0,2865124.727343799,completed,2025-08-29
890,102,40,2.0,2274771.806486064,completed,2025-08-10
891,13,9,1.0,849270.6774998507,pending,2025-12-05
892,103,40,2.0,2702138.823315424,completed,2025-08-15
893,178,26,3.0,1488522.163465442,completed,2025-10-09
894,95,19,4.0,2570265.487486406,cancelled,2025-08-01
895,2,19,3.0,1255481.8053149425,completed,2025-12-06
896,172,39,4.0,2949216.779801498,cancelled,2025-08-07
897,115,43,3.0,1291392.9106909712,completed,2025-11-04
898,91,26,5.0,1976436.6032167547,completed,2025-08-17
899,15,25,3.0,298284.62316372304,completed,2025-09-26
900,52,21,,1132145.5064964653,completed,2025-10-04
901,50,17,2.0,2395112.127363494,completed,2025-09-29
902,186,48,2.0,2055970.1341510236,pending,2025-08-03
903,92,48,3.0,994388.9344129815,completed,2025-11-26
904,41,29,3.0,1797023.203785693,completed,2025-07-16
905,40,37,3.0,476731.8810068782,completed,2025-08-20
906,168,45,5.0,685900.4643335508,cancelled,2025-07-24
907,159,23,3.0,2498837.5691291546,completed,2025-11-15
908,162,30,5.0,1371352.1415819477,completed,2025-11-12
909,15,44,1.0,963239.4830041884,cancelled,2025-09-27
910,101,26,3.0,1018189.7876444472,completed,2025-09-01
911,189,18,1.0,1713176.212123699,refunded,2025-12-05
912,117,19,3.0,1191217.7835451127,completed,2025-08-28
913,95,45,5.0,1687569.8364951527,completed,2025-07-29
914,31,41,2.0,156293.3875875756,completed,2025-08-28
915,86,4,1.0,2735983.5763246836,completed,2025-07-25
916,62,16,5.0,619510.7240476724,completed,2025-09-10
917,157,10,1.0,2750944.448683407,completed,2025-12-01
918,38,12,3.0,2366482.9819603125,completed,2025-12-16
919,25,14,3.0,1230153.072461936,completed,2025-09-30
920,200,17,1.0,1502176.9845885148,cancelled,2025-07-29
921,180,48,5.0,1191629.7994787327,pending,2025-08-08
922,46,31,2.0,2266150.1110388525,completed,2025-12-09
923,46,50,3.0,516235.68690969935,completed,2025-11-24
924,185,37,3.0,97015.24394592896,completed,2025-12-13
925,176,48,2.0,2566322.573989337,pending,2025-07-18
926,155,23,4.0,2721578.946657666,cancelled,2025-07-23
927,152,28,1.0,2763040.523993843,completed,2025-10-09
928,66,45,4.0,766745.5272194629,pending,2025-08-17
929,88,7,4.0,1816041.57608779,completed,2025-09-21
930,78,9,1.0,960165.4307416293,completed,2025-11-21
931,159,25,3.0,1792549.1607807453,refunded,2025-09-16
932,70,31,4.0,1419514.4371896859,completed,2025-07-08
933,132,32,4.0,1628141.7407426485,completed,2025-08-29
934,186,32,1.0,186582.0533684422,completed,2025-12-21
935,197,38,3.0,279774.4928714249,cancelled,2025-11-06
936,110,48,3.0,1476307.2544210812,cancelled,2025-10-27
937,75,29,3.0,1137775.9740779956,completed,2025-12-21
938,45,33,3.0,2355723.294049802,completed,2025-07-19
939,128,17,1.0,2295192.093932801,cancelled,2025-08-16
940,111,7,1.0,702008.5325755716,completed,2025-10-25
941,86,8,2.0,671760.3558954289,completed,2025-09-14
942,69,10,4.0,304695.207890331,completed,2025-11-12
943,45,26,5.0,1883275.6249254928,completed,2025-07-12
944,83,36,3.0,372745.6224984154,pending,2025-08-31
945,54,15,2.0,1597025.678040945,cancelled,2025-08-29
946,93,14,5.0,2014997.804670276,completed,2025-11-26
947,113,19,5.0,1030470.7400860924,completed,2025-07-24
948,197,8,1.0,593141.3251895142,completed,2025-09-06
949,167,29,4.0,1582208.286524794,completed,2025-09-13
950,164,21,,1959247.7754123223,completed,2025-11-17
951,117,9,3.0,1288657.2918353623,refunded,2025-07-02
952,196,9,2.0,2533224.1408853154,completed,2025-10-27
953,81,44,2.0,2809614.1126716873,cancelled,2025-12-17
954,30,22,2.0,1868167.9099947093,pending,2025-08-11
955,126,42,3.0,2994145.875328982,completed,2025-09-29
956,131,50,3.0,1349968.027726391,pending,2025-08-30
957,40,4,1.0,2767004.547985934,completed,2025-11-08
958,110,27,2.0,1828778.0496068469,pending,2025-08-13
959,50,29,1.0,1783959.317670348,pending,2025-11-10
960,83,47,5.0,214001.8061699573,completed,2025-07-30
961,82,37,2.0,405277.0839004146,completed,2025-09-23
962,76,14,4.0,1106966.4951649164,cancelled,2025-11-01
963,130,9,4.0,2577253.5155356387,pending,2025-12-23
964,97,36,2.0,2079500.2482389894,completed,2025-10-23
965,175,50,1.0,822695.7388488007,cancelled,2025-09-11
966,178,43,2.0,14976.515444465673,completed,2025-07-27
967,152,38,3.0,1731536.3612827132,pending,2025-10-22
968,61,48,4.0,593230.4647382753,completed,2025-11-29
969,27,7,5.0,1560745.5717403057,cancelled,2025-11-15
970,103,41,3.0,368954.76125627826,completed,2025-11-05
971,83,27,1.0,420922.68635386793,completed,2025-10-27
972,142,4,2.0,236173.6706099999,completed,2025-09-04
973,41,48,1.0,1482006.5253186158,pending,2025-09-17
974,176,37,3.0,131899.24474527012,pending,2025-08-25
975,127,21,4.0,2144935.028482756,completed,2025-08-21
976,103,18,3.0,515852.9194289567,completed,2025-11-22
977,109,9,5.0,1375920.058942937,cancelled,2025-10-18
978,192,24,5.0,2588471.2278910032,completed,2025-09-03
979,77,6,5.0,1005617.2752138845,completed,2025-08-22
980,67,28,3.0,1984008.6037017382,completed,2025-11-08
981,141,38,2.0,2235859.549260109,completed,2025-09-11
982,85,28,1.0,2075082.9319069288,pending,2025-09-21
983,34,7,1.0,2233514.8786571347,completed,2025-12-22
984,161,6,1.0,194450.12216715157,completed,2025-12-25
985,199,30,5.0,1685232.2338193294,completed,2025-07-17
986,101,12,3.0,2971761.0347695206,completed,2025-11-27
987,133,33,2.0,1342581.299035978,cancelled,2025-07-26
988,152,5,3.0,2201271.356125924,completed,2025-12-22
989,74,14,3.0,102896.45214783894,completed,2025-10-26
990,148,11,4.0,2424601.4445187054,completed,2025-12-23
991,4,11,3.0,552959.5714287035,completed,2025-07-15
992,79,17,3.0,679950.8654646166,refunded,2025-07-12
993,147,35,4.0,2622247.6465779683,pending,2025-10-17
994,169,34,1.0,1599732.2729342969,completed,2025-12-05
995,78,20,1.0,2334996.120283498,completed,2025-10-08
996,189,25,2.0,1378065.9079504583,refunded,2025-08-09
997,24,25,1.0,640178.4065481444,completed,2025-12-17
998,14,48,2.0,2112777.639879253,completed,2025-07-08
999,85,45,3.0,1146696.553311312,pending,2025-10-10
1000,65,7,,1408199.4363155009,completed,2025-10-26
1001,192,31,5.0,2059583.2684105416,completed,2025-11-20
1002,21,1,,691233.1868872633,pending,2025-09-25
1003,4,6,4.0,282036.12874513154,completed,2025-11-05
1004,175,41,5.0,2737548.3482057545,completed,2025-09-04
1005,71,10,3.0,402764.6538450423,pending,2025-09-24
1006,67,28,3.0,1984008.6037017382,completed,2025-11-08
1007,93,26,5.0,1763660.1676563178,pending,2025-07-29
1008,144,41,4.0,1668570.134960082,completed,2025-10-01
1009,75,19,3.0,523578.19781191106,completed,2025-09-05
1010,157,2,3.0,1283958.339803356,completed,2025-09-28
1011,73,39,1.0,172010.7297579847,completed,2025-08-10
1012,120,10,4.0,1018997.5052088903,completed,2025-12-21
1013,173,14,3.0,2924676.7342257807,pending,2025-12-27
1014,110,6,3.0,856956.9761209197,completed,2025-07-06
1015,133,48,4.0,719713.9740497443,completed,2025-09-18
